SMILES,REWARD
NCCCCNCCCCCCCCCCCNCCNC(=O)c1ccc(NC(=O)c2cc(-c3ccccn3)nc3ccccc23)cc1,3.988747519237407
COc1ccc(C(OCC(O)CSCCCCCCCCCCO)(c2ccccc2)c2ccccc2)cc1,4.25055160668447
CSCCCCCCCCCCCCCCCCCCCOc1ccc(C(C)(C)c2ccc(C)cc2)cc1,9.373655906371289
CCCCCCCC#CCCCCOC(=O)C1=C(C)N(C)C(=O)/C1=C/c1cc(C)n(-c2cc(Cl)ccc2Cl)c1C,5.559696881798435
CCCCCCCCCCCC#CCCCCC=CCCCCCCCCCC=CCC=CCOc1ccccn1,9.437457230276598
Cc1ccnc(SCC(=O)c2ccc(-c3ccc(-c4c(C)nn5c4ncc4c(=O)n(-c6ccccc6C)ccc45)cc3)cc2)n1,4.174493050160486
COc1ccc(S(=O)Nc2ccc3c(c2)c(C(C)=O)c(C)n3-c2ccccc2)cc1,2.3676369234917773
Cc1cc(C)c(C=CC(=O)c2cccc(C=C3CCCC(=Cc4ccc([SH](=O)=O)cc4)C3=O)c2)c(C)c1,3.515563942954273
CCCCCCCC=CCC=CCCCCCCCCCCCCCCCC(=O)NC1CCCCC1,8.598220684440896
CCOC(=O)C(C(=O)OC(C)(C)C)C(C)C#CCN1CCN(c2cccc(Cl)c2C)CC1,0.4205033638012443
CCC(O)c1cc(C)c(NC(=S)Nc2ccc3nc(SCCC(=O)Nc4cccc(OC)c4)sc3c2)c(C)c1,4.19637546076759
C=CCN(CCc1ccc(SC=C)cc1)C(=S)N[C@H]1C[C@@H]2Oc3ccccc3N[C@@H]2[C@@H]1O,-0.12461903936955121
O=C(O)[C@@H]1O[C@H]2C=C3C=CCCC3=C[C@H]2O1,-3.401925520197083
CC(C)(C)c1ccc(C(=O)CSCc2cccc(C(=O)Nc3cccc(C(=O)C(=O)c4cccnc4)c3)c2)cc1,4.315098362489473
CCCCOC(=O)CN1CCN(C(=O)CSc2nccn2-c2ccccc2OCC(O)CO)CC1,-1.829343595247147
CC(C)=CCCC=CCCCCCCCCCCOCCCCOCc1ccc(C)cc1,6.632521533038307
CCCCCCCP(CCCC)CCCCCCCCCCCCCCCC(=O)Nc1ccc2c(c1)C(=O)N1CCC[C@@H]1C(=O)N2,6.1293360685365625
CC(C)OC(=O)CCCCCCCCCC=CCCCCCCSC(=O)c1ccc(F)cc1,6.107208872768824
CCCCCCC(O)CCCCCCCCNCCCCNCCCN,1.5967332857708296
CCCCCCC(O)CCCC=CCC=CCCCCSCCCCCCNC(=O)NC1CCCCC1,5.778876907537872
Cc1ccc(C2Oc3c(O)cc(C=Cc4ccc(CC(N)C#N)cc4)cc3C2CO)cc1Cl,1.2893538053189983
COc1cc2sc(SCCCCCCCCCCCCCCCCCCC=CC=O)nc2c2cccnc12,7.44622488476152
C=CCNc1ccc(OCCCCBr)c(C=C(C(=O)O)c2ccc(N(c3ccccc3)c3ccc(Cl)cc3)cc2)c1,6.798215990188554
Cc1nc(Nc2nc3ccccc3o2)ncc1C(=O)NCCCCCCCCCCCCCCCCCC(C)O,4.887662960638917
COC(CCCCCCCC=CCCCCCCCCCCCC#CCCCCCCCCCO)OC,7.530879443080172
C=CC(=O)C=Cc1ccc([C@@H]2C(C(=O)OCCCCCC=CCCCCCCO)=C(C)NC3=C2C(=O)CCC3)cc1Cl,4.056610418635528
CCC=CCCCCCCCCC(C)=CCNCC(=O)N1CCC[C@H](c2ccc(SC(C)(C)C)cn2)C1,4.6920351492961165
O=C(NCCCCCCCCCCCCC(O)CCCCCCCCCCCCS)C1(c2ccc(Br)cc2)CCCC1,7.992677926344772
O=C(CCCCCCCCCCC(O)CCCCCCCCCC=CCC=CCCCSc1ccccc1)Nc1ccc2c(c1)OCCO2,8.793867109132348
O=C(COC(=O)c1cccc(O)c1)Nc1ccc(C(=Cc2ccccc2Cl)C(=O)O)cc1,2.267818257604067
CCCCSCCCCCCCCCCCOc1ccc(OCc2ccc(C=NCC(O)c3ccccc3)cc2)cc1,6.7651970472820135
OC(C#CCOCc1ccccc1)CCCCCCC(O)CSCCCCCCCCCOc1ccccc1,4.361041209098526
CCCCP(=O)(CCCCCCCCCCCCCCCCCC(C)=O)Cc1ccc(Br)cc1,7.8390708723435765
CCNC(=O)c1ccc(OCC(O)COc2ccccc2C)c(NC(=O)c2sc3nc4c(C)cc(C)cc4cc3c2N)c1,2.56755070791473
CCCCCCCCCCCCCCCCCCCCOc1ccc(C(NC(CC)CO)(c2ccccc2)c2ccccc2)cc1,8.708873014377051
COCCCCCCCC#Cc1ccc(NC(=O)c2ccccc2C)c(OCc2ccc(OCCNC(C)(C)C)cc2)c1,5.2783830793783375
CCCCCC(O)CCCCC=CCCCCCCCCCCCCCCCCCCCCCC(=N)N,8.180918421182902
CCCCN(c1ccccc1OCCCN1CCOCC1)S(=O)(=O)c1ccsc1-c1nc(-c2ccc3c(c2)OCO3)no1,2.330879938129341
O=C(Cn1c(=O)cnc2ccccc21)NC(CCSC(=O)Cl)C(=O)OCCCCCCCCCCCCS,2.355740449373312
CCCCCSCCCCCCCNCCCCCCCCCCSc1nnc(-c2ccc[nH]c2=O)n1C,5.000422037271189
C=C(C)CCOc1cc(C(=O)ON=Cc2ccc(OC(F)(F)F)cc2)cc(C(C)C)c1C(=O)CCc1ccccc1,5.131797497084879
CCCCCCCCCCCSCCCCCCCC(=O)C(=O)OCC1CCN(C(=O)c2cnn3cc(C)cnc23)CC1,4.564598715158765
CCCCCCCCC(O)CCCCCCCCCCCCCC(=O)NCc1nc2ccccc2n1CC(=O)OCN,4.110123500740587
CCCCc1ccc(OCCCCCCCCCCCCCCCCCCCCCCCS(=O)(=O)Cl)cc1,8.826747331892607
CCCCCCC(O)CCCCCCCCCONCCCCCCCCN(C)C(=O)c1cnn2c(C)cc(C)nc12,4.291223039837857
O=c1cc(-c2ccccc2)oc2ccc(NC3OC(NO)C(O)C(O)C3O)cc12,-3.347771906104959
CC(C)(C)C1CCC(NC(=O)CC(=O)N2CCCC[C@@H]2c2ccccc2)CC1,2.103052578186241
CCCCCCCSCC(O)COC(c1ccccc1)(c1ccccc1)c1ccccc1,4.313116528746907
COc1ccc(OCCNC(=O)C2CCN(C(=S)N[C@@H]3C[C@H]4C(=O)N(C)CC(=O)N4C3)CC2)cc1,-3.1496847511424226
CSC(=S)NCCc1ccc(CN(C(=O)c2nc(SCC(C)C)nc3c2CCCC3)C(C)(C)C)cc1,3.2130899674597817
COc1ccccc1Oc1ccccc1NC(=O)C(C)SC(=S)N1CCCC1,2.2835963074949044
CCCCCCCCCCC1CC2(Cl)C(Cl)=C(Cl)C1(Cl)C2(Cl)Cl,3.7008623726971983
C=C(C)c1cccc(OCCCCCCCCCCCCCCCCCCCCCCCCCCCCl)c1,10.702988641204014
CN(C)C(=S)Oc1ccccc1[C@H]1CC(=O)C2=C(C1)Nc1ncnn1[C@H]2c1ccccc1C(O)C1CCCCC1=O,0.18456238675228853
CCCCCCCCCCC=CCCCOS(=O)(=O)c1ccc(C=NN2C(=O)[C@H]3[C@@H]4C=C[C@@H](C4)[C@H]3C2=O)cc1,1.6921171180494143
CCC(=C(c1ccccc1)c1cccc(CCc2ccc(CC[N-][N+]#N)cc2NO)c1)c1ccccc1,5.1501894656367195
COc1cc(C=C(C(C)=O)C(=O)c2ccc(COCC(O)C(C)C(O)CC(OC)OC)cc2)ccc1O,-0.7515243355063936
Cn1ncc2c(Nc3ccc(F)cc3)nc(NCCCCCCCNCCCCCCCCCCCCCC(=O)O)nc21,5.219274408459013
CCCCCCCCCC=CCCCCCCCCCNCc1cc(NCCC)ccc1N(C)C,6.904928739952485
CCCCCCCCNCCCCCCCCC=CCC=CCCCCCCCCCNC[C@H]1CCCO1,6.864529580301373
CCCCCOc1ccc(S(=O)(=O)N(CC(=O)NCCC(=O)NCCCCCCCCCC(O)C(C)(C)O)C2CCCCC2)cc1,2.1667906085948117
NC(CO)CSC(c1ccccc1)(c1ccccc1)c1ccc(C[PH](=O)Cc2ccccc2)cc1,2.590781394476666
CCC=CCCCCS(=O)CC(CS(=O)CCCC)OC(=O)c1ccc(C(C)(C)C)cc1,1.9921553675136048
CC(C)COP(=O)(OCC(C)C)C(O)c1cccc(CNc2nc(Nc3ccc4c(c3)CCC(=O)N4)ncc2C(F)(F)F)c1,3.5497920713401427
CCCCCCCCCC(O)CCCCCCCSCCCCCCCOC(=O)c1ccc2[nH]c3c(c2c1)CCCC3,7.471641660850976
Cc1cccc(Cc2c(C)nc3nc(SCCCCCCCC#CCCN(CCC#N)C(=O)c4ccc(Cl)cc4)nn3c2C)c1,5.038248283406666
CCCCS(=O)CC(CS(=O)CCCCCCCCCCCC(C)C)OC(=O)c1cccnc1Nc1cccc(C(F)(F)F)c1,5.148798742641294
COc1cc(C(O)C(OC)P(=O)(c2ccccc2)c2ccc(NCS(=O)(=O)O)cc2)ccc1CCCCCCCCCCCCO,2.3066390279740663
CCCCCCCCCCCCCCCCCC#CCOc1ccc2nc(C3CC3)sc2c1,7.253742459756516
CCCCCCCCCCCCCCCCCCCCC#CCCCCCCCCCC(C)O,8.649103700713654
CCCCCCCCC=CCCCCC=CCCCCCCCCCCCCC(Sc1ccccc1)Sc1ccccc1,12.310630505847008
CCCCCCCC#CCCCCCCCCCCCCC(=O)Nc1ccc(C(=O)Nc2ccccc2C)cc1,7.82937995728771
CCCCCCCCCC=CCC=CCCCOc1ccc(F)c([C@@H]2CC(=O)Nc3c2ccc(C)c3C)c1,6.382409995362483
CCCCCCCCCCCCCCCCCC(=O)N1CCC(CN(CCC(=O)Nc2cc(F)ccc2F)Cc2ccccc2)CC1,7.622460672071213
CC=CC(=O)Nc1cc2c(cc1OC)-c1c(c(C(=O)NCCCCCCCCCCC=CCCCCCCCCCC)nn1-c1ccccc1)C2,8.153926126145608
CCCCCC1OC1CCCCCNCCCCCCNCCCCC(=O)NC(C)c1ccc(C(=O)NCSc2ccccc2)cc1,4.350312652734735
Cc1ccc(NC(=O)CSc2ccccc2C(=O)OCc2cc(=O)n3ccsc3n2)cc1C,2.0393906076297057
COc1ccccc1NC(=O)CCCCC(=O)Nc1ccc(F)cc1,2.3281391213531526
CCOc1cc(/C=C/C(=O)N[C@@H](C)c2nc3ccccc3[nH]2)ccc1C(=O)OC,0.8917991745387814
Cc1ccc(C(=O)CCS(=O)(=O)c2nnc3ccc(C(F)(F)F)cn23)cc1,0.5193857221536637
Cc1ccc(C(=O)CCCCC(=O)Nc2cc(C=O)ccc2C)cc1C,2.7654170489978824
CCCCCCC=CCCCCCCCC(=O)NCCc1cc(C=O)c2c(c1)OCCO2,3.5320593494154853
CCCCCCCCCCCC#CCCCCNC(=O)c1ccccc1,4.406829214989788
Cc1ccc(OC(=O)CN(C)C(=O)c2cnn(-c3ccc(C(F)(F)F)cn3)c2C)cc1C,1.3398730586650736
CC1(C)CC(=O)C=C(NCc2ccc(C(NC3CCCCC3)(c3ccccc3)c3ccc(O)cc3)cc2)C1,3.726501102053965
CCCCCC=CCCCCCCCCCCCNC(=O)c1cccc(CCO)c1,4.755739495113278
CC(C)=CCCC(C)=CCCCCC=CCCCCCCOc1ccc(C)cc1,6.6481941887660785
CC(c1ccccc1)C(C)c1ccc(SCCC(=O)NC2CCCCC2)cc1,3.6199861026485802
CC(C)c1ccccc1NC(=O)[C@H](OC(=O)CC(C)(C)C)c1ccccc1,2.909670967242625
CSc1ccc(P(c2ccc(C=CCO)cc2)c2ccc(P(c3ccc(C)cc3)c3ccc(C(C)NN)cc3)cc2)cc1,1.4838572135185544
CCCOc1cc(CN2C(=S)N(CC)C(=O)[C@H]2CC(=O)Nc2ccccc2Cl)ccc1OC,1.6498774555888804
CCCCCCCCCCCSCC(NC(=O)c1cc(=O)c2ccccc2n1C)C(=O)OC(C)COCCCl,2.495311060117068
CC(C)CNCC1CCC(CNC(=O)c2ccc(NCC3CC3)nc2)CC1,1.2957632489511912
CCCCCOCCOc1cc2oc(=O)cc(CCC)c2cc1Cl,2.7032834856027455
COc1ccc(NN=C(C(=O)c2ccccc2)C(=O)c2ccccc2)cc1,2.178260428694525
C=CCCCCCCCCCCCCCCCCCCCOc1ccc(N(c2ccccc2)c2ccccc2C(=O)C2CC2)cc1,10.612232546538587
CNC(=O)CCCCCCCC=CCCC=CCCCCCCN1Cc2cc(F)ccc2OCC1=O,2.9861499911284213
CC(C)NC(C)C(=O)c1cccc(CN2CCN(Cc3ccc(N4C(=O)[C@H]5CC=CC[C@H]5C4=O)cc3)CC2)c1,0.4921598326756742
CC(=O)Nc1cccc(OCCCCCCCCCCCCCCCCCCNC(=O)Cc2ccccc2)c1,6.393736507395452
CCCCCCCCCNC(=O)c1ccc(C(=O)C2=C(O)C(=O)N(c3nc(C)c(C(=O)N4CCOCC4)s3)[C@@H]2c2cccnc2)cc1C,2.4888657446500018
CC(Sc1ccc(C(O)C(C)N(C)C)cc1)c1ccc([C@H]2OCC[C@H]2NC(=S)NC2CCCCC2)cn1,1.2321079174864717
CCCCCCCSSCCCCCCCSCCCCCCOc1cccc2c1C(=O)c1ccccc1C2=O,7.643005866285868
CCN(C(=O)CCSc1ccccc1)[C@@H](c1cccnc1)c1ccc(NC(=O)N(C(C)C)C(C)C)c(C)c1,3.9178776240225632
Nc1ccc(SC(=S)Sc2ccc(C(Nc3ccccc3)(c3ccccc3)c3ccc(C=CC4=NCCN4)cc3)cc2)cc1,5.174210911188818
C=CCCCCCC=CCCCC(=O)c1c(C(C)C)cc(C(C)C)c(C(=O)CCN2C(=O)[C@H]3CCCC[C@@H]3C2=O)c1O,4.513437994142718
CCC(=C(CC)c1ccc(SCCc2ccccn2)cc1)c1ccc(Cn2c(C)ccc2C)cc1,5.929374528223624
CC(=NO)c1cccc(Nc2ncc(C(=O)NSC(=O)C3CCCCC3)cn2)c1,0.9820723351979614
CCCCCC=CCCCSCCCCCCCCCC=Cc1ccc(C(=O)c2coc3ccc(Cl)cc3c2=O)cc1,8.518478096885815
NCCCCCCCC=CCCCCCCCCCCC=CCCCC(=O)N1CCOc2ccccc2C1,5.145416505640656
CCCCCCCCCCC=CCCCCCCCCC#CCCCC(=O)N1CCC[C@H](c2ncn[nH]2)C1,5.441900385270747
CCCOc1ccc(C)cc1N(CC(=O)Nc1cccc(NC(=Nc2ccccc2)c2ccccc2)c1)S(=O)(=O)c1ccccc1,5.160629801213771
CCCCCCCCCCCCCCCCCCCCCCCC=C(C(C)=O)C(=O)c1cc(F)cc(F)c1,8.657569895995168
CC(C)=CCCC(C)=CCCC=CCCCCCCCCNCc1cccc(S(=O)(=O)NCCc2ccc(C)cc2)c1,6.527435726141821
CCCCCNCCCCCCC=CCCCCCCCCCCCCCCC(=O)N1CCC(C(=O)C(=O)C2CCCCC2)CC1,7.741847097726616
CCC(C)(C)c1cccc(NC(=O)C2=NO[C@]3(COCC[C@@H]3NC(=O)c3cc(OC)c(OC)c(OCOC)c3)C2)c1,-0.2746991893290893
N=C(N)CCCCCCCCNCCCCCCCCCN1C(=O)c2ccc(Cl)cc2C1=O,3.4607050593482036
CC(C)[C@@H](Sc1nc2ccccc2[nH]1)C(=O)Nc1cccc(C(O)CCCCCCI)c1,3.3752117020412555
CCCCCCC=CCCCCCCCC(=O)N1CCN(CCC(=O)c2ccc(CNC(C)(C)CO)cc2)CC1,3.8301722007611234
C=CCCCCC(O)CCCCOc1ccc(C2(Br)C(C(=O)O)C2(Br)c2ccccc2)cc1,3.029756318325216
C=C(C)[C@H]1CC=C(COCCCCCCCCCCCCCCCCCCC)CC1,6.948428201382235
CCN1c2ccc(C(O)C(OC)P(=O)(c3ccccc3)c3ccc(CNC(N)=S)cc3)cc2C(C)=CC1(C)C,0.8726336718995125
CCCCNC(=O)[C@H](C)N(CCc1ccccc1)C(=O)CCCCCCCCSCCCCCCCCCO,4.488906202525837
CCCCCCCCCCCCCSCCCCCOc1cc2c(C(=O)OCC(CC)CCCC)c(C)oc2cc1Br,9.122100732145519
CCCCC=CCCCCCCCCCCCCCSCCCCCCCCC(=O)NCc1ccc(F)cc1,8.76778266124159
Cc1ccc(OCC=CCCCCCCCCCCCCCCCC=CCCCCCCCCC=C(Br)Br)cc1,11.333464415109747
CCCCCCCCCCCCCCCC(O)CCCCCOc1c(OCCC)cccc1OCCN,5.650583880938308
CCC=CCCCCCCCCCC=CCCCCCCCC(=O)N[C@@H]1CCCCc2ccccc21,6.298791343565085
CCCCCC(O)CCCCCCCCC=CCCCCCCCCCNC(=O)[C@@H]1COc2c(cccc2OC)C1,5.623426509959343
CCCCCCCCCCCCCCCCCCCC(=O)Oc1cccc(C(=O)NC(c2ccccc2)c2ccc(-c3nc4ncccc4o3)cc2)c1,9.038933347591785
CC(C)CCCCCCCCCCCCC(=O)Oc1cc(C(C)C)nc2c1c(=O)n(CC(=O)Nc1ccc(C(C)(C)C)cc1)c(=O)n2C,5.441905769497785
CCCCCCCCCC=CCCCCCCCCOc1ccc2c(=O)c(-c3cc4ccccc4o3)c(C)oc2c1,8.570043043643564
CCC(C)COC(=O)C(=Cc1ccccc1)C(=Cc1cccc(CN2CCCCCC2)c1)C(=O)OC,2.1897755925822455
CSCCCCCCCCCCCC=CCCC=CCC(=O)c1ccc(C(=O)Nc2cccc(CNN)c2)cc1,5.776898020948199
C=CCCCCCCCCCCCC(=O)Oc1ccc(CN(CCC#N)S(=O)(=O)c2ccccc2[N+](=O)[O-])cc1,4.364747661332225
CCCCCCCCSCCCCCCCCCCCCCSCCCCCCSc1ccc(Cl)cc1,10.695597231683815
CCCCC#CCCCCCCCCCCCCCCCCCCCC(O)CCCCC,7.839239232930085
CN(C)C(=O)[C@]1(Cc2ccc(C#CCCCCCCCC=CCCCCCCCCCCCCO)cc2)CCN(C(=O)C2CCC2)C1,5.656330127547033
C=CCCCCCCCCCC#CCCCCCCCCCCCCCCCC(=O)Nc1nn(C)c2c1[C@@H](c1ccco1)CC(=O)N2,7.157471366551327
CCCCCCCCCC#CCCCCCCCCC(O)CCCCCCCCCCc1cccc(C)c1,8.654305702318544
O=CCCCCCCCC=CCCCCCCCSCCCCCC1OC1CCCCCCCCCC(=O)O,6.8431399044028645
C=CCCCCCCc1ccc(C(=CC)C(=CC)c2ccccc2)cc1,5.471147741305577
CCCCCCC=CCCCCCCCCOc1cccc(C2=NC(=Cc3ccccc3Cl)C(=O)O2)c1,6.700735106662357
CCCCCCCCCCCCCCCCCCCCCCCOCC1CCN(C(=S)Cc2ccc3ccccc3c2)CC1,9.930587591575607
CCSCCCCCCCCCCCCCCCCOCc1nc2ccccc2n1CC(=O)c1ccc(C=C(C)S(=O)(=O)c2ccccc2)cc1,8.379627061696544
CCCCCCCCCCCCCOc1cccc(-n2c(=O)[nH]c3c(C(N)=O)nc(-c4ccc(C=CSc5ccc(O)cc5)cc4)nc32)c1,5.931845557942407
CCCCOC(=O)C(CC=C(C)C)(CCP(c1ccccc1)c1ccccc1)C(=O)OC(C)C,2.652682152447105
CCCCCCCCCCCSCCCCCCCCCCCCCCC(=O)N(CC)Cc1nc2ccccc2c(=O)[nH]1,7.825494900766692
CCSC(=O)CCCCCCCCCCCCCCCCCCCCSc1nc2c(c(=O)n1-c1ccccc1OCCC(C)C)SCC2,8.908399214182577
NCCCNCCCCNCCNCc1ccc(CN2C(=O)[C@H]3[C@@H](c4ccccc4)C=C[C@@H](c4ccccc4)[C@H]3C2=O)cc1,0.4538273929201999
NCCCCCCCCSSSSCCCCCC(=O)N1CCC2(CCC(=O)N(CCc3ccccn3)C2)CC1,3.729723505425696
CC(C)CCCCCCC=CCCCCCCCCCC(=O)Nc1ccc(C=O)c2cccnc12,6.459022494712581
CCCCCC=CCCCCCCCCCCCNC(=O)C1CCN(C(=O)N2C[C@@H]3CCc4c(nc(C)[nH]c4=O)[C@H]3C2)CC1,3.1872601067059083
CCCCCCCCCCCCCSCCCCCCCCCCCCC(=O)NCc1cnc2c(c1)CCC2,7.8594007390447995
CCCCCCCSCCCc1ccc(C(=NNC(N)=S)c2ccc(Cc3ccc(N(C)C)cc3)cc2)cc1,4.907918064653986
CCCCCCCCCCCCCCCCCC1OC1CCCCCCCCCNC(=O)c1ccc2c(c1)OCCO2,6.999926767993999
CC(O)CCCCCCCCCCCCCCCCCCC=CCCCCCCCCOCc1ccccc1,9.016210378789049
CCSCCCCCCCC1OC1CCCCCCCCCCCCCCCCCCOc1cccc(C)c1,8.541445757593483
Cc1ccc(P(CCCCCCCCCCCCC(=O)Oc2ccccc2)c2ccccc2)cc1,5.4223626870530826
CC(C)CCCCC(Sc1ccccc1)Sc1ccc(-n2nnc(-c3nnc4n3CCCCC4)c2N)cc1,2.7807042054370674
CC(=O)NCCCCCCCCCSCCCCCCCCCCCOCc1ccc(C(=CBr)CN)cc1,6.158637040106191
C=CCCCCCCCSCCCCCCCCCCOc1ccc(NC(=O)CSc2nc3ccccc3c(=O)n2C2CC2)cc1Cl,8.005263387003335
CCCCCCCCCCOc1cc(N(CC(=O)N[C@@H](C)c2cc(C(C)C)c(C=COC)cc2C)S(C)(=O)=O)ccc1OCCC,5.18519986528209
O=C(Nc1cccc(C=Cc2ccccc2)c1)c1cc(-c2ccccc2)c(N2CCOCC2)s1,4.338148991354599
CCCCCCCC[C@@H]1CCCCN1C(=O)c1ccc2nc(C)c(C)nc2c1,3.294882653648754
CC(=O)CCc1cccc(-c2nnc(SCC(N)=O)o2)c1,-0.4093009867946227
C=C(O)C(=O)CCc1cc(C)c(C(=O)C[C@]2(O)C(=O)Nc3ccccc32)c(C)c1,0.004049320120273592
CCC[C@@H](C(=O)NC(C)(C)C)N(C(=O)CCC(=O)NC(C)c1ccccc1)c1ccccc1C,1.9525980635730882
FC1(F)[C@H]2CC3C[C@@H]1CC(OCc1ccc(OCCBr)cc1)(C3)C2,0.12558771911960775
CCC(C)SSc1ccccc1NC(=O)[C@H]1CN(S(=O)(=O)c2ccccc2[N+](=O)[O-])c2ccccc2O1,2.1395231819814864
CC#Cc1ccc(-c2ccc(C(=O)OCCC(C)CCCCCCCCCCC#CCCCCC(=O)O)cc2)cc1,6.217137560729433
CCCCSCCCCCCC=CCCCCCCCCCOc1ccc(C#N)cc1,6.648270970953817
CCCCN(CCCC)C(c1ccccc1)(c1ccccc1)c1ccc(C2CC2N)cc1,3.489688761102598
CC(C)=CCCCCCC(O)CCCCCCCCCCCCCCCCCOc1cccc(C(C)C)c1,8.747927511241087
CCCCC=CCCCCCCCCCCCCCCCCCCCOc1ccc(C(=O)CCCC)cc1,9.80606034554218
CCCCCC=CCCCCCCCCCCCCCCC#CCCCCCCCCCCCCCCC,11.861131558705024
C#CC(O)C=CCCCCCCCCCCCCCCCCC(=O)O[C@H]1CCS(=O)(=O)c2sccc21,3.3824078597299456
C=CCCC(=O)CC(=O)OCc1ccc(C(NC(C)=C2C(=O)c3ccccc3S(=O)(=O)N2C)C(=O)c2ccccc2)cc1,1.3669673067704196
CC(C)C(NC(=O)CCCCCCCCCCCCCCCCCCCCN)C(=O)NC1CCCCCC1,4.485198788587615
CC(C)=CCCCCCCCCCCCCCCCSCCCCCCCCOCCNCc1[nH]nc2ncccc12,7.529962152940826
CCCCCCCCCC=CCCCCOCCCCCCCCC#Cc1ccc(S(N)(=O)=O)cc1C(=O)N(CC)Cc1ccc2c(c1)OCO2,6.50061743040121
CCCCCCCCCCCCCCCCCCCCCC(O)CCCCC(=O)Nc1cc(Cl)ccc1Cl,8.877327299526195
N#Cc1ccc(C2=N/C(=C/c3ccc4ccccc4c3)C(=O)O2)cc1,1.8455928312627696
CC(=O)NCCCCCNC(=O)c1c(N)n(-c2ccc3c(c2)OCO3)c2nc3ccccc3nc12,0.3461125937224807
CC(C)OC(=O)CSc1nc(CC(=O)NCC2CCCCC2)cs1,1.025076924516771
CCC(C)(C)C(=O)NCc1ccc(-c2nc3ccc(C)cc3o2)cc1,2.680621730856328
O=CCCCCCOCc1ccc(C(=O)N2CCc3ccccc32)cc1,2.030725773694238
O=C(N1[C@H]2CC[C@@H]1CC(CN(CCO)Cc1ccccc1)C2)C1(c2ccccc2F)CCOCC1,-0.21897904600458773
CCOCCCNC(=O)CN(c1ccc(C)c(Cl)c1)S(=O)(=O)c1ccc(OCC)cc1,1.5605052051632589
CC(C)(CO)NCCNC(=O)c1c(F)cccc1Br,-0.7692340113978204
Cc1ccc(C(=O)CSc2nnc(S(=O)(=O)CCSc3nc4ccccc4s3)s2)cc1,2.381363660269689
CN(C)C(=S)NCc1ccc(OCc2ccccc2Cl)cc1,1.9102131192400469
CCCCCC(O)CCCCCCCSCCCCCCCCCCSc1ccc(C(C)N2CCN(S(=O)(=O)N3CCCCCC3)CC2)cc1,5.931214174739466
COc1cc(C=CC(=O)OCCC(C)C)cc(NC(=O)c2ccccc2C(=O)c2c(C)cccc2C)c1,3.923674720802267
CCCCCCCCCC#CCCCCC(O)CCCCCCCCCCC,6.292780210077536
CC(C)c1ccccc1SC=CC(=O)Nc1nnc(SCCCCCCCCCCCCCl)s1,6.27311231417039
CC(=O)N1CCCn2nc(CNCCCCCCNCCCCCCCCCCCCCCCl)cc2C1,2.972523568200823
C=CCCCCCCCCCCCCCCCCCCC(O)CCCCCCCOc1ccc2c(c1)C(=O)N(Cc1ccco1)C2=O,8.065016341284618
CCCCCCCCCCSc1ccccc1NC(=O)c1cc(Cl)cc2c1O[C@H](C)C2,5.278116043110057
CC(=O)CCCCCCCCCCCCCC=CCCCCCCCCCCC#CCOCc1ccc(Cl)cc1,9.210430718356866
Cc1ccc(C(=O)C=Cc2cc(C)c(S(=O)(=O)Nc3ccc4c(c3)OCO4)c(C)c2)cc1,2.6719582576040652
CCCCCCCCOC(=O)n1c(=O)oc2cc(S(=O)(=O)Nc3ccc(CON)cc3)ccc21,1.46265304219237
CCCCCCSCCCCCCCCC(=O)NN1C(=O)[C@@H]2[C@H]3C=C[C@](C4OCCO4)(O3)[C@@H]2C1=O,-1.1585463620758674
O=C(Cc1cccc(N2CCN(C(=O)C[C@@H](Sc3ccc(Cl)cc3)c3ccccc3)CC2)c1)OC1CCCCC1,4.303473209567709
CCCCCCCCCCCCCCCCCC(=O)Nc1ccc(Cl)c(NC(=O)c2cc(S(=O)(=O)N3CCCCCC3)ccc2SCC)c1,7.712251377474976
CCOCCOCCOCCCCCCCC#CC#CCCCCCCCCCCC=CCCCCCCCC=O,6.762705230124183
CCCCCCCCCCCCCC(=O)O[C@H]1CO[C@@]2(CCN(S(=O)(=O)CC)C2)C1,0.8516019735179441
CCCCCCCCCCCCCCCCCCC=CCOc1ccc(OCc2ccccc2)cc1,8.645008925417297
Cc1ccc(S(=O)(=O)N(CC(=O)OCCCCCCCCCCCCCS)c2ccccc2F)cc1,4.604274655242589
CCCCCCCCCOc1cccc(C(CC)(CC)c2ccc(C)c(C)c2)c1,6.29022948748441
CCCCCC(CC)COC(=O)c1ccc(CCNC(=O)c2ccc(COc3ccc(F)cc3)o2)cc1,3.9411986782200232
CCCCCCSSCCCCCCCCCCCC(O)CCCCCCCCOc1cccc(Cn2cccnc2=O)c1,7.272309444283619
Cc1c(Cl)cccc1NC(=O)C(=O)c1cn(CC(=O)c2ccc(F)cc2)c2ccccc12,3.2219351806809886
CC(C)(C)c1ccc(S(=O)(=O)Nc2ccc(S(=O)(=O)N3CCCC3)cc2)cc1,1.6020791686240523
CCSc1nc(=O)nc(SCc2ccc(Cl)cc2)[nH]1,0.6199843898088169
C=CCn1c(SCCCCCCCCCCCCC)nc2sc(C)c(C)c2c1=O,5.2003270484600215
C#CC(O)C=CCCCCCCCCCCCCCCCCCCCCCCCCOc1cc(Cl)cc(Cl)c1,8.721465188250288
CCCCCCCCCCCCCCCOCCOCCc1ccc(CNC(=O)CCCCCCC#N)cc1,6.332915697678851
CCCCSCCCCCSCCCCCCCCCCCCCCCSc1ccccc1,8.9559165077247
Cc1cc(C)cc(-n2c(=O)c3ccccc3n(CC(=O)c3cccc(CSSCC(=O)c4ccccc4)c3)c2=O)c1,3.713870913466071
O=C(NN1CCCCC1C(=O)OCCCCCCCCCCC#CCCCCCCl)C1CCCCC1,3.9169778415953687
CCCCCCCCCC=CCCCCCCCCCC1OC1CCCCCCCC(=O)c1cc2ccccc2c(=O)s1,8.501665893132863
CCCCCCCCCCCCCCCCCCCC=CCCCCCCCCCCC(C)C,11.126920100600604
CCCCCCCCCCCCCCCCCC(=O)Oc1ccc(C(CC)C(CC)c2ccccc2)cc1,8.446018914418344
COc1nccnc1N1CCC[C@](CO)(Cc2ccccc2SSC)C1,0.22765913192467568
c1ccc(COc2ccc(OCCCCNCCc3csc(-c4ccccc4)n3)cc2)cc1,4.297813500056432
CCCCCCCCCC#CCCCCC(=O)NCCc1cscn1,2.951938331789643
CCCCCCCCCCCCCCCSc1nnc(-c2ccncc2)n1Cc1ccco1,5.729647651619155
Cc1nc(-c2c3n(c(=O)n(CC(=O)NCCCCCCCCCCCC(=O)Cl)c2=O)CCCC3)no1,0.5941117593149823
CCC(=O)Oc1ccc(-n2c(C)nc3ccccc3c2=O)cc1NC(=O)C(C)SCc1ccccc1,2.41290778341825
CCOc1ccccc1NC(=O)[C@@H]1CCCN1C(=O)c1ccccc1OCCCCCCCCCCCCCO,4.188018955333879
CCCCC=CCCCCOCCCCOCCNCCCCCCCCCCCCCC,6.595283016126107
CCCCCC=CCCCCCCCCCC=CCCCOC(=O)C1C(=O)CC(=O)CC1c1ccccc1,5.269349288816027
CCCCCCCCCCCCCCSc1ccc(C(=O)N2CCc3c(nc([C@@H]4CCCN(C(=S)SC)C4)nc3NC(C)=O)C2)cc1,5.661602435239343
CC(=O)CCCCCCCCCC=CCCCCCCCCCCCCNC(=O)CN1C(=O)c2ccccc2S1(=O)=O,5.071077264603368
CCCCCCCCCCC=CCCCCCCCCCCCCCC#Cc1ccccc1C(=O)N(Cc1ccccc1)Cc1ccccc1,11.246366075761818
CCCCP(=O)(CCCC)Cc1ccc(CCNC(=O)c2ccccc2OS(=O)(=O)c2cc(C(C)(C)C)ccc2SC(C)(C)C)cc1,6.838542953982186
CCCCCCCCCCCCCCCCCCC=CCCCCCCCC(=O)N(c1ccccc1)S(=O)(=O)c1ccc(C)cc1,9.94646320279985
CCCCCCCCCCOc1ccccc1[C@@H]1C(C(=O)OCCCCCCCCCCSCCCCC)=C(C)NC2=C1C(=O)C[C@H](c1ccco1)C2,8.866744643552341
CCCc1ccc(Cn2c(C)cc(=O)c(C(=O)N(C)CC(OCC)OCCCC=CCCCCCCCCCCCC=O)c2C2CC2)cc1,5.54583115737388
Cc1c(C)c2ccc(OCCCCCCCCCCCC=CCC=CCCCCCCCCC#CCCCCO)c(C)c2oc1=O,8.587521680912992
CCCCCCCCCCCCCCCCCCCCCCCCCCCCCCC(Br)CO,9.584601129350997
CCCCCCCCCSCCCCCCC(=O)N(c1ccc(I)c(F)c1)[C@@H](C(=O)NCCCCCC)c1ccccc1F,7.44103109580419
NCCCCCCCC(=O)c1ccc(P(=CC(=O)c2cccc(Cl)c2)(c2ccccc2)c2ccccc2)cc1,4.0484115064997495
CCCOC(=O)c1cc(C(=O)C(=Cc2ccc(CC(N)CC)cc2)C(=O)c2ccccc2)ccc1OCCN,1.9087404957326246
C=CCCCCCCC#CCCCCCCCCCCCC=CCC=CCCCCCCCCN,8.24040279461789
C#CCCNc1ccc(C=C(C)C(=O)c2ccccc2SSC(C)C)c(OCCCCCCCC)c1,6.210684519495972
CCCCCCCCCSCCCCCCCCC=CCCCCCCCCCCC(=O)N1CCSc2ccc(Cl)cc21,10.511128289777659
CCNc1ccccc1C(=O)N(Cc1ccco1)Cc1cc2cc(C)ccc2[nH]c1=O,2.329005406164244
O=C(C=Cc1ccc(Cl)cc1Cl)N1CCC[C@@H](O)C1,0.35327977075206185
CCc1ccccc1NN=C(C(=O)c1ccccc1)C(=O)c1ccc(F)cc1,2.7068743784142635
CSc1ccccc1NCC(=O)Nc1cc(C(=O)CCl)ccc1-n1cncn1,0.971888224568108
C=CCc1ccc(SCC(=O)OCC(=O)Nc2sccc2C(N)=O)cc1,0.443228150156993
CCCCCCCCCCCCCCCC(=O)NCCn1nc(C)c(-c2ccsc2)c1C,5.347282772654239
CCOc1ccccc1NC(=O)c1cc2c(CC(N)C(=O)O)cnc(C)c2o/c1=N\c1ccc(S)cc1,0.903671611679882
CCCN1Cc2c(C(=O)NCCCCNC(=O)c3ccco3)ncn2-c2ccccc2S1(=O)=O,-1.6154372383389575
CC(=O)CCc1ccc(C2=N/C(=C/c3ccc(C)c4ccccc34)C(=O)O2)cc1,2.6617572100821167
CCCCCCNCCCn1c(=O)[nH]c2cc(C(=O)OCCCCCCCCCCCC=CI)ccc21,5.138147627630491
CSCCCCC(O)CCCCCCCCCCCCCCC(=O)OCc1ccccc1,5.377848834327393
C#CC(O)C#CCCCCCCCCCCCCCCCCCCOc1cccc(NC(=O)CCCCCCCCCC(=O)Nc2ccccc2)c1,8.340133748888567
C=CCCCCCCCCCCCCCCCCOc1ccc2c(c1)[C@H](NC(=O)[C@@H]1C[C@H]1C)CCS2,5.858975358165437
CC1(C)C(C(=O)Nc2cccc(OCCCCCCCCCCCCCCOC(=O)c3cc4ccccc4[nH]3)c2)C1(C)C,7.008310112872623
CN(C)CC#CCCCCCCC=CCCCCCCCCCN1C(=O)c2ccccc2C1=O,4.194136960952189
CCCCCCCCCC=CC=Cc1ccc(C(=O)c2cnn(-c3nccc(C(=O)C(C#N)c4cccc(C(C)(C)C)n4)n3)c2-c2ccco2)cc1,6.056160272949116
CC(Oc1cccc(OCCCCCC=CCCCCCCC=CCCCCC(O)CO)c1)C(=O)N1CCCCC1,4.270467040017528
CCSCCCCCCCCCCCSCCCCCCCCCCCCNC(=O)[C@@H]1Cc2cc(S(=O)(=O)N3CCCC3)ccc2N1C(C)=O,6.223694949877572
CCCCCCCCCCCCCCCCCCOc1cc(CSc2ccccc2C(=O)NCC)cc(I)c1OCCCO,7.980441613846505
OCCCCCCCCNCCCCCCCCCCCCCCCCCCCOc1ccccc1Cl,8.01527373604746
C=C(C)c1ccc(C2(c3ccc(CSc4nc5c(c(=O)n(C)c(=O)n5C)n4C(C)C)cc3)CCCCC2)cc1,3.653048200000291
NC(Cc1ccccc1)C(O)(c1ccccc1)c1ccc(CCCC#CCCO)cc1,1.001674559093459
CC(C)CCCCCCCCCCCCCCCCCCC=CCC=CCOC(=O)C1CCCCN1C(=O)C(=O)C1CCCCC1,7.740163757477737
CCCCCC#CCCCCCCCCCCCCCCCC(=O)N1CCC(C(=O)SNC(=O)c2cccc(CCC)c2)CC1,7.129935061994797
CCCCCC=CCCCCCCCCCC#CCCCNC(=O)C[C@@H]1CN(C(=O)c2cccc(CCNC(=S)SCC)c2)Cc2ccnn21,5.190902602397471
CCOc1ccccc1C(=O)NN=C(Nc1ccc(OCCCCCC(O)CCCCCCSCC)cc1C)C(C)=O,3.791604949986529
CCOCCP(CCP(CC)CC)CCP(CCOCCOCCBr)CCP(CC)c1ccc(N2CCCCC2)cc1,3.7500504361785083
CCCCCCCCCCCCCC(O)CCCCCCCNc1nc(Nc2ccc(C(C)C)cc2)nc2ccccc12,8.277012629847329
CCCCCC(O)CCCCCCCOC(=O)c1sc2ncccc2c1[C@H]1CCN(C(=O)C2CC2(c2ccccc2)c2ccccc2)C1,5.05141572156516
CCCCC=CCCCCCCCCCCCCCCCC#Cc1ccccc1C(=O)C1CC1,7.601321704779773
CCCCCCCCCCCCCCCC#CCOc1ccc2c(c1)CCN2C(=O)c1cc(C(F)F)ncn1,5.51717256844665
CC(C)CCCSc1ccc(C(NCc2cccc(C=NC3CCCCC3)c2)(c2ccccc2)c2ccc(C(=O)CBr)cc2)cc1,7.143802487483007
CC(C)=CCOc1ccc(NC(=O)COC(=O)c2ccccc2Br)cc1C=CC(=O)c1ccc(C(=O)c2ccccc2SCCN(C)C)cc1,5.383248716377954
CCCCCC=CCCCCCCCCCCCCOc1ncc(-c2ccc(C(=O)CCC)cc2)c([C@@H]2CCCN2S(C)(=O)=O)n1,6.533310920840699
CCCCCOCCOCCOCCCCCCCCCCCCCCCCCCC(N)=O,5.167366022246851
CCCCN(CCCC)C(=S)SC(=S)N1C[C@@H]2CC[C@H](C1)N(C(=O)c1ccccc1S(=O)(=O)NCC)C2,-0.7866931451428494
N#Cc1cccc(C=CC(=O)C=Cc2ccc(OCC=CCCCCCCCCCC#CCN)cc2)c1,4.314293311790566
CCSCCCCCCCCCCCCCCCCC1CCN(C(=O)c2sc(-c3ccccc3Cl)nc2C)CC1,8.557136986465418
CCCCCCC=CCCCCCCCC=CCCCCCCN=Cc1ccc(C#N)c(S(=O)(=O)N2CCCC2)c1,6.495325144483915
CCCCCCCCSCCCCCCCCCCCCCCCOc1cccc(C(=O)C(OCc2ccccc2)c2ccccc2)c1,10.21573561495779
CCCCCCCCCCC=CCCCCCCCCCCCn1c(C)cc2cc(NC(=O)N3C[C@@H]4CC[C@H](C3)N(C)C4=O)ccc21,5.623529165788707
CCCCP(=O)(CCCCNCCC)Cc1ccc(CNS(=O)(=O)c2ccc(Cl)c(S(=O)(=O)NCCc3ccccc3)c2)cc1,3.418241001931338
CCCCCCCCCCCCCCCCCCCCCCCCC#CC(CC(C)C)OC(=O)c1ccccc1,9.17204309326489
CSCCNC(=O)Nc1ccccc1NC(=O)CCCCCCCCCCCCCC=C(C)CC(=O)CC(C)C,6.35175622498096
CCCCCCCCCC(=O)NC(CCCCCCCCCCCCC(=O)Oc1ccc(C)cc1)C(=O)OCCCCCC,7.341735526573425
CC(C)(C)n1nc(C2CCOCC2)nc1-c1ccc2c(c1)CCO2,0.7014320789531281
CC(C)(C)c1cc(C(=O)N2CC[C@@H](c3cc4ccccc4cn3)C2)cc(C=Nc2cccc(NC(=O)CCCOc3ccccc3)c2)c1O,4.964820553457667
CCCCCCCCCCCCOc1ccc(C(c2ccc3c(c2)OCCO3)c2ccc3c(c2)C(=O)Nc2ccccc2O3)cc1C(=O)CC,6.402376219635206
CCCCNCCCCCCCCCCCCC#CCN1CCC2(CC1)OCCc1cc(C(=O)O)c(-c3ccccc3C=O)cc12,4.725098354302768
CCSCCCCCCCCCCCCCCCCCCCCCSc1ccc(S(=O)(=O)N2CCC(c3nnc4n3CCCCC4)CC2)cc1,7.7397564587875
CCCCCCCCSCCCCCCCCCCCCC#CCCCCCCCCCC(=O)O,8.453821475733609
CS(=O)(=O)N1CCc2ccc(C(C#N)C(C#N)c3ccc4c(c3)CC(=O)N4)cc21,-1.409677086175802
CCCCCCCCCC(=O)N1CCC[C@@]2(C1)C(=O)N(C)c1ccccc12,1.4309702939256637
CCCc1cccc(C(=O)N2CCC(C(=O)Nc3ccccc3Cl)CC2)c1,2.939998713486659
C=CC(=O)NCNC(=O)CN1C(=O)N[C@](C)(c2cccc3ccccc23)C1=O,-1.9756177161737365
CCOc1cccc(N2CCN(C(=O)Cc3ccccc3SSC(C)C)CC2=O)c1,2.000391216130592
CC(C=CC(=O)c1ccc(C(=O)CCCl)cc1)=Cc1cccc(-c2nc3ncccn3c2C)c1,3.5061059178862672
CCCCCNCCCCCn1cnnc1CNc1nnc(-c2ccccc2)s1,1.826709139301676
CCCCCCCC=CCCCCCCC(=O)N1CCC[C@@H](c2ccnc(Cl)n2)C1,4.034094779631584
CC(=O)OCCCCCCCCCCCCOc1ccc(CS(=O)c2ccc(Cl)cc2)cc1,4.698551349269574
CCCCCCCCCCCCCCCCSCCCCCCCCCCC(=O)N1CC[C@@]2(C[C@H](Nc3ccccc3)CCO2)C1,7.9052500535488806
CCCCCCCCCCCCCCC=CCCC=CCCCCCCCCCCCOc1cc(C)cc(F)c1,10.757270720321149
CCC(CC)NCc1cccc(C=CC(=O)C=Cc2ccccc2C=CCCCCCCC=O)c1O,4.474657229595705
CC(=O)n1cc(C(=O)OCCCCCCSC(=O)c2ccc(C(=CCC(C)C)C(=O)c3ccc(C#N)cc3)cc2)c2ccccc21,5.65101664910272
CCCCCCCCCCCCCCCCCCCCCCCCCCCCCCO,9.417205169358148
CC(C)=CCCC(C)(C=Cc1ccc(C(=O)C=CCC(C)C)cc1)C=Cc1nn2c(-c3cc(C(C)C)n[nH]3)nnc2s1,4.749375158481917
C=CCOc1ccc(C=Cc2ccc(CNC(=O)CCCCCCCCCCCCCCCC=CCCCC)c(OS(=O)(=O)c3ccccc3)c2)cc1,9.348115331905438
CCCCCCCCC#CCCCCCCCC=CCOc1cc(OC)c(OCCCCC)c(OC)c1,6.97405445724946
CCCCOC(=O)CCCCCCCCCCCCCOC(=O)C(=Cc1cccc(OCc2ccc(C)cc2)c1)N(CC)CC,7.037784991814531
CCCCCCCCCC=CCCCCCCCCCCOc1ccccc1N(CC(=O)N[C@H]1CC(C)(C)Oc2cc(C)ccc21)S(C)(=O)=O,7.222929657353193
CCSCCCCCCCCCCCCCCCCCCCCCCC(=O)Nc1ccccc1SCc1cc(=O)n2oc(C)cc2n1,8.71632953011526
C=CCCCCCCCCCCCCCCCCCCCCCCCCCOC(=O)CCc1ncc(-c2ccc(Cl)cc2)o1,10.308521459746789
O=C(CCCCCCCCCCCCCCCCCCCCC(O)CCCCCCCSc1ccccc1)Nc1ccccc1,10.026279311351654
CCCCCCCCCSCCCCCCCCCCCC(=O)N1CCc2ccccc21,6.618517472006685
CC(O)CCCCCCCCCCCCC#CCCCCCCOC(=O)c1cc2ccccc2c(=O)[nH]1,4.538664039097905
CCCCCCCCCCCCCCCCCCCOC(=O)c1c(O)ccc2c(=O)c(-c3ccccc3)c(C)oc12,7.654018389145525
CCC(CC)(c1ccc(OC(=O)C#Cc2ccccc2)cc1)C(CC)(CC)c1ccc(C2(O)CCNCC2)cc1,3.6858248323400726
CC(C)c1cccc(C(C)C)c1NC(=O)CN1C(=O)C(c2ccccc2)=NC12CCC(CCCCCCCCCCCCCCCCCC(O)O)CC2,7.347946929628701
CC(=O)C(=CN(C)C)Sc1ccc(C(OCC(O)CSCCCCCCCCCCCCCCN)(c2ccccc2)c2ccccc2)cc1,6.151448867696617
C=CCCCCCCCCCCSCCCCCCCCCCCCCCCCCCCC#CC(=O)C(F)(F)F,9.637432842759377
CCCCCCCCCCCCCCCCCCCCCCCCCCCC[C@@H](NC(=O)c1ccccc1)n1nnc2ccccc21,9.773546601465076
COCCCCCCCCCCCSCCCCCCCCCCCCCCCOC(=O)c1cccc(C(=O)O)c1,7.971360198190627
C=CCCCCCCSCCCCCCOc1ccc(COC(=O)N2CCCC2C(=O)Nc2ccccc2)cc1C(C)(C)C,6.32497376833167
CCCCCCCCCCCCCCCCOc1ccc(CCC(O)C(O)CO)cc1OCc1ccccc1,4.670221831823245
CCCCCCCSCCCCCCC#CCCCCOS(=O)(=O)c1ccc2c(c1)nc(SCC(=O)N1CC[C@@H](C)Sc3ccccc31)n2CCC,6.127595259010027
COC(=O)CCCCCCCC=CCCCCCCCCCCCCCCCCCCCC(N)=O,7.080863984960823
Cc1cc(C=Cc2ccc(SCCCCCCCCCCSc3nnc4n(Cc5ccco5)c(=O)c5sccc5n34)cc2)cc(C)c1C,7.652190654612652
CC(C)COC(=O)Cc1ccc(C(C#N)C(=O)CCCCCCCCCCCNCCCCCCCS(=O)(=O)Cl)cc1,4.290195054179447
CCCCCCCCC#CCCCCCCCCC=CCCCCCCCCCCCNC(=O)c1ccccc1C,9.370444582105101
CCCCCCCCCCCCC=CCCCCCCCC(=O)N1CCN(C(=O)CN(c2ccc(CCCC)cc2)S(=O)(=O)c2ccccc2)CC1,7.594286637621698
CCCCCC(C)CCCCCCCCCCCCNC(=O)OCc1ccccc1,5.9078077769790625
CC(O)CCCCCCCCCCCCCCCCCCCCOc1ccc(C(=O)OCc2ccc(Cl)c(Cl)c2)cc1,8.650790125025374
CCCCCCCCCCCCC(=O)Nc1ccc(C(C)(C)C)c(NC(=O)c2cccc(-c3ccccc3NS(=O)(=O)c3ccccc3)c2)c1,8.303699727189125
CCCCCCCC=CCCCCCCCCCCCCCCC(=O)Nc1cc(C(F)(F)F)cc(C(F)(F)F)c1,9.440074133182843
COc1ccc(CSC(SCc2ccc(Cl)cc2)c2ccccc2Cl)cc1,5.151219487952684
CCCCCCOc1cccc(C(Nc2cnn(C3CCCC3)c2C)P(=O)(OCC)Oc2ccc(SC)cc2)c1,5.696928970762022
C=CCCCCCCSCCCCCCCCP(CCCC)CCCC(=O)NC(C)c1ccc(S(=O)(=O)N2CCCC[C@@H]2C)cc1,6.599157729812437
CCCCSCCCCC(O)CCCCCCCCCCCCCCCCOc1ccc2c(c1)CCO2,6.872135905420717
CCCCCCCCCC=CCCCCCCCCCCCCCCCCCOc1ccccc1C(C)(C)C,10.888214648486862
CCCCCC#Cc1cnc2c(c1)C(=O)C(=O)c1cc(C(=O)CCCCCCCCCC)cnc1-2,4.286718244902987
CCCCCCCCCCCCCCCCCCOCCOCCNC(C(=O)OCC(O)c1cccc(F)c1)c1ccccc1,5.573891602842331
O=S(=O)(N/N=C(\c1ccccc1)C1CC1)c1ccc(CCO)cc1,6.380234482250557e-05
Cc1ccc(C=CC(=O)Oc2ccc3c(c2)CCC(=O)N3CCC(C)CCCCCCCCP(=O)(O)O)cc1,3.5493109852431175
COc1ccc(C(=O)Cc2n[nH]c(=O)c3ccccc23)cc1,0.4026887307253313
COc1ccccc1COC(=O)c1cc(-c2cccc3cccnc23)cc(-n2cnnn2)c1,1.7985065358865793
CC(=O)c1ccc(NC(=O)[C@@H]2CCCC[C@@H]2C(=O)N2CCCC2)cc1,0.564015650571215
CC[C@H](C(=O)NC(C(=O)Nc1ccccc1C(C)C)C(C)C)c1ccccc1,2.3779655232279984
C=COCCCCCCCCOc1ccc2c(oc(=O)c3cc(OC)ccc32)c1C,3.632118239175947
CCCCCCCCCCCCCCCCCCCCOc1ccccc1C(=O)N1CCCN(C(=O)Oc2ccc(SC=CC(C)=O)cc2)CC1,7.665215211384693
CC(C)COc1ccc(C(=O)c2ccc(C#N)cc2)cc1,2.042696614248407
CC(C)(C)C(=O)C(C#N)=P(c1ccccc1)(c1ccccc1)c1ccc(C(O)C2CC2)cc1,1.3370741779969064
c1nc2c3c4c(sc3nc(N3CCCC3)n2n1)CCCC4,0.1933234125348644
CCCCCCCCCCCC#CCOCc1ccc(C(CC)C(=O)O)cc1,3.8400605382641393
CCCCCCCSCCCCCCCCSc1ccc(CSC2(SCc3ccc(Cl)cc3)CCCC2)cc1,9.90214134105147
CCCCCCCCCCCCCCCCCCNCCCCNCCCNC(=O)C1(c2ccc(F)cc2)CCOCC1,5.830329388678791
CCCCCCCCCCCOc1cccc(C(=O)N2C[C@@H]3CCc4cn(CCOS(=O)(=O)NC5CCCCCCC5)nc4[C@H]3C2)c1,1.6572772369436475
COCCCCCCCCCCCCCC=CCCCCCN1C(=O)c2ccc(OC(=O)c3ccc(O)cc3O)cc2C1=O,5.5520669491411425
CCCCCCCCCCCCCCCCCC(C)CCOc1c(C)c2c(c3c1C[C@H]([C@]1(C)CCC(=O)O1)O3)C(=O)OC2,5.537065492886702
CCCCCCC(O)(c1ccccc1)c1ccc(C=CC(=O)c2ccc(C(=O)C=Cc3cc(ON)ccc3[N+](=O)[O-])cc2)cc1,4.479237630868349
CCOC(=N)CCCCCCCCCCC(O)c1ccc(C(=NNC(=O)C2CCC(C)(C(=O)O)C2(C)C)c2ccccc2)cc1,4.044909401981954
CCCCCCCCCCCCCCC=CCCCCCCCCCCCCCCCCCOc1ccc(C)c(C)c1,12.211046268290817
N#Cc1ccc(NC(=O)c2ccccc2OC(=O)c2ccccc2Br)cc1,2.8718239682319107
CCCCOC(=O)[C@H]1CC(c2cnc(-c3ccccc3)nc2)=NO1,0.12712566355216293
CCCCOC(=O)C1=C(C)N=c2s/c(=C\c3cccs3)c(=O)n2[C@@H]1c1ccc(C(C)C)cc1,1.7127442211515085
CCCCCCCOc1cccc(NC(=O)CN(C2CCCCC2)S(=O)(=O)c2ccc(C)cc2)c1,4.0463057833645255
Cc1ccc(S(=O)(=O)N(CC(=O)Nc2cccc(C(=O)C(C)(C)C)c2)c2ccc(Cl)cc2C)cc1,3.6860546821499494
CCCCCCCCCCCCC=CCCCCCC=CCCCOCCOCCOS(=O)(=O)c1ccc(C)cc1,7.078021938559841
CCCCCCCCCCCCCC(O)CCCSC(=O)c1ccc(C(=O)N2CCC[C@@H]2C2(O)CC2)cc1,3.982117936834679
CCCCCCCCCCCCCCCCCCCCOc1ccc(CN(Cc2ccccc2)C(=O)Nc2cccc(Br)c2)cc1,10.614792546538592
CCCCCCCCCCCCCCCCCSC(=S)N1CCC(CC2CC2)(c2noc(-c3ccc(C4(CN)CC4)cc3)n2)CC1,7.388612519548058
CCCCCCCCCCCCCCCCC(O)CCCCCCCCC(=O)Nc1nc(-c2ccc(C)c(C)c2)cs1,8.717897639329253
Cn1cc(N2C[C@]3(CCN(c4ncc(C(=O)O)cn4)C3)CC2=O)cn1,-3.3494390681562054
CC(C)CCOC(=O)CSc1nc(Cc2cccs2)nc2ccccc12,2.5407862028440364
CCCCCCCCCCCCCCCCCCCCCOC(=O)Oc1ccc(C)c(NS(=O)(=O)c2ccc(Cl)c(OC)c2)c1,8.755319956595377
CCCOC(=O)c1cc(Cc2ccccc2)c(O)c(C(C)(C)C)c1,2.7699895736323645
CC(C)CCCCCCCCCCCCC=CCCCCCCCCCC=CC(=O)N1CCOC[C@H]1c1cccn1C,7.406906173507448
Cc1nn(C)c2nc(-c3cccc(C(=O)Cl)c3)cc(C(=O)Oc3ccccc3)c12,2.244410237953449
Cc1cccc(OCCCCCCCCCCCCCCCCCCCCC(=O)Nc2cc(F)ccc2C)c1,8.604604059256712
Cc1cc(OCCCCCCCCCCCCC(O)CCCCO)nc([C@H]2CCN(C(=O)c3cccnc3)C2)n1,2.4981517213098305
CCCCCCCCCCCCCCCCCCCCCCOc1ccc(Cl)c(C=NNS(=O)(=O)c2ccccc2)c1,8.298886293607136
CCCCCCCCCCCC(=O)NCc1ccc([C@@H]2CC(=O)C3=C(C2)NC(C)=C(C(=O)OC)[C@@H]3c2ccc(F)cc2)cc1OC(=O)CC,4.545564948340939
CCCCCCCCCCCCC(O)CCCCCCCCCCCCCCCSCCO,7.1246952460675175
CCCCCCCCCCCCCCCC=CCCCOc1ccccc1C=CC(=O)C=Cc1cccc(Br)c1,9.225127759776983
CCc1cc(/C=C2\C(=O)NC(=O)N(c3ccc(C(c4ccc(NCCC#N)cc4)C(Cl)(Cl)Cl)cc3)C2=O)c(O)c(CC=C(C)C)c1,4.187328853773914
CCCCCCCCCCCCCCCCCCC=CCCCCC(=O)N1C[C@H]2OC[C@H](CC(=O)NC3CCCCCCC3)[C@H]2C1,4.909660763674248
CCCCCCCCCC=CCCCCCCCC=CCCCCC(CC)NC(=O)c1c(-c2c(F)cccc2Cl)noc1C,9.05913332877121
CCCCCCCCCC(=O)N(c1ccc(CCCC)cc1)S(=O)(=O)c1c(C)cc(C(=O)C(C)Br)cc1C,5.339634098288498
O=C(CCCCCCCCCCCCCCCCCCCCCCCCCCCCC1C=CCC1)Nc1ccc(N2CCOCC2)cc1,10.104334489864037
CC(C)Cn1c(SCCOc2ccc([N+](=O)[O-])cc2)nnc1N1CCOCC1,0.4306774553373378
Cc1ccc(C(=O)OC2CCN(S(=O)(=O)N3CCCC3)CC2)cc1,-0.16748497593572043
Cc1cc(S(=O)(=O)Oc2cccc3c(O)cccc23)ccc1OCC(=O)N1CCc2ccccc2C1,2.140915467086365
CCCCC#CC#CCCCCCC(=O)NC1CCCCC1,2.0109480370440167
CCCCCCCCCCCCCCCCCCCCCCCCCCOc1cccc(S(=O)(=O)N2CCN(c3ccc(F)cc3)CC2)c1,9.452177835632199
CCCCCCCCCCCCCCCCCSCCCCCCCCCCCC#CC(=O)O,8.062188171691238
COCCCCCCCCCCCCCCOc1ccccc1C(O)(c1ccc(C(Cl)Cl)cc1)c1ccccc1OC,7.002268764567656
CCCCCC(O)CCCCCCCCCCCCC(O)CCCCCCCCC(Br)CO,5.535374626614459
CCCCC=CC(=O)Nc1cc(OCC=CCCCCCCCCCCCCCCCCC)cc(C(O)CC)c1,7.769112720758839
CC(SCc1ccc(CCO)cc1)C(=O)Nc1cccc(CC(O)CO)c1,-0.5350883874012782
CC(=O)CCCCCCCCCC=CCCCCC=CCCCCCCCC(=O)Nc1cc(C)cc(C)c1,8.148384113826275
CC(=O)N1CCC(C(=O)N2CCC[C@H](CCCCCCCCCCC3OC3CCCCCCCCSCCCCCCC#N)C2)CC1,6.109858458461846
Cc1ccc(C(=O)C[C@@H]2OC(=O)c3ccccc32)cc1,1.0398509312600561
COc1ccccc1NC(=O)c1csc(-c2ccc3c(c2)OCO3)n1,1.7626363296821586
NCCCCSc1ccc(NC(=O)c2cccc(I)c2)cc1,2.3694469724835745
C=C(C)c1ccc([C@@H]2CC(=O)c3c(C)nc(Nc4ccc(C#CC(C)(C)C)cc4)nc3C2)cc1,3.6011630431353634
CCCCCCCOc1ccc(OC(F)F)c(S(=O)(=O)Nc2nc3ccc(OCC)cc3s2)c1,3.9713088114231434
CC(C)OC(=O)CCCCCCCCCCCC(O)CCCCCCC(=N)N,3.001889561932776
CCCCCNCCCCCCCCCCCCCCCCCCCCCCOc1cc(Cl)cc(Cl)c1,9.69189739179811
CCOc1ccc(C(=O)C=CC(=O)C=Cc2cccc(CCCl)c2)c(C)c1,2.6777804754089454
CCCCCCCCCCCCCOC(=O)C(CCC(=O)OCc1ccccc1)(Cc1ccccc1)C(C)=O,5.212855790437924
CCCCCCC=CCCCCCCCCCCCCC#CCCC#CCCCCCCCC=C(Br)Br,10.320761933117694
CCCCCCCCCCCCCCOC(=O)c1ccc(C=CC(=O)c2cc3c(=O)n4cccc(C)c4nc3s2)cc1,6.207439387934578
CC(=O)SCCCCCCCCCCCCC(=O)N1CCc2ccc(CC(O)c3ccccc3Cl)cc2C1,4.985215020062563
O=C(CC(=O)N1CCc2ccccc2C1)OCCCCCCCC=CCCCCCCCCCC(Br)CO,4.376641102053967
CCC=CCCCCCCCCNC(=O)C1(Cc2cccc(-c3cccs3)c2)CCN(C(=S)NN=Cc2ccc([N-][N+]#N)cc2)CC1,5.827026587947952
CC(=O)COc1cc(CN(C(=O)c2cc(Nc3ccc(S(=O)(=O)N4CCC(NCC(O)CO)CC4)cc3)ccc2Cl)C(C)(C)C)ccn1,0.4473088503214173
CCCCCCCCSCC(NC(=O)CCCCCCCCCCCCOC)C(=O)OCCCC,4.930858250906708
CCCCCCCCCCCC(=S)SCC(=O)Nc1sc(C(C)=O)c(C)c1C(=O)OCC,4.693010705156518
Cc1cccc(C(Sc2ccccc2)Sc2ccccc2)c1,4.418396524470052
CCCCCCCC(=O)N1CC2(C[C@H](OCc3ccncc3)CS2)C1,0.26405416044618146
O=c1c2ccccc2nc2sc(-c3ccc(C(C(c4ccccc4)N4CCCCC4)N4CCCC4)cc3)nn12,2.9564679880167573
CCCCCCCCC=CCCC=CCCCCCCCCCCC(=O)N1C[C@@H]2CCC[C@@]2(c2nc(C)no2)C1,5.895823655608944
CCC(C=O)CCCCCCCCCCCCCSc1ccc(Cn2c(=O)c3sccc3n(CC(=O)Nc3cccc(C)c3C)c2=O)cc1,6.0482558889732125
CC(C)c1ccc(CCSCC(=O)O)cc1N1CCN(C(=O)c2ccc(CCNC(=O)CSc3ccc(CC=O)cc3)cc2)CC1,2.435309203418635
Cc1cc(=O)oc2cc(OCC#CCCCCCCCCCCCCCCCCCCCCC=CCCCCCC(=O)O)ccc12,8.902300529699717
CC=Cc1ccc(S(=O)(=O)n2c(C(O)c3ccc(COCC=CCCCCCCC=O)cc3)cc3ccccc32)cc1,4.155452235642051
CC(=O)Oc1ccc(C=Cc2ccc(C=CC(=O)OCC(C)C)cc2)cc1C(O)CC1SCCCS1,3.1149289598888394
CC(C)C(NC(=O)C1CCC(C)(C(=O)O)C1(C)C)C(=O)Nc1cccc(C(=O)CCCCCCCCCCSCCCl)c1,4.111563831678967
CCOCCOc1cccc(-c2nc(CSC(C)C(=O)Nc3ccccc3C)cs2)c1,3.0544006066364178
C=CC(=O)C=Cc1cc(C)c(C(=O)NCCSc2ccc(CN3CCCC3=O)cc2)cc1C(C)C,2.6617619811667224
CC(=NNS(=O)(=O)c1ccc(C(=O)CCC(=O)O)cc1)c1cccc(-n2c(C)ccc2C)c1,1.3584509410769474
CC(O)CCCCCCCCCCCCCCC(=O)OC(=O)CCS(=O)(=O)c1ccccc1,2.9120787124666476
CC(C)c1ccc(CSC(SCc2ccccc2)c2ccc(CN(C)CC(O)CCl)cc2)cc1,4.34261255488823
Cc1ccccc1Oc1cc(C=CC=CC=CC=CC=CC=Cc2ccccc2)ccc1OCCC(C)C,7.274539750368888
CCC=CCC=CCC=CCCCCCCCCCCCCCCCCCC=CCCC=CCCCO,9.410340561715843
CCCCCCCCCCCCCC=CCCCCCCCCCCCCCC(=O)NC(C)(C)C,8.922534251328083
C#CC(O)CCCCCCOC(c1ccccc1)(c1ccccc1)c1ccc(C(O)C(C)Sc2ccc(Cl)cc2)cc1,5.018156602739218
CC(C)CCCCCCCCCOc1cc2c(cc1C=CC(=O)c1ccc(C(=O)C=CC3CCCCC3)cc1)OCO2,6.932490581122904
CCCCCCCCCCCCOc1cccc(CC(=S)N2CCN(C(=O)C3CC3(c3ccccc3)c3ccc(F)cc3)CC2)c1,5.598162351523024
CC(C)CCCCCCCCCCCCCCCCCCCCCCCOC(=O)c1ccccc1,9.012013589344837
CCCCCC=CCC=CCC=CCCCCCCN=Cc1ccc(-c2nn(-c3ccccc3)cc2C(=O)OCCCCCCC)cc1,8.925597110072083
CCCCCCCCCCCCCCC=CCOc1ccc(C(=O)CCCC(=O)c2ccc(OCc3ccc(Cl)cc3)cc2)cc1OC1C=CCCC1,10.13443865394795
CCC(C)(c1ccc(C(O)C(C)N(C)C(=O)C2C(C)(C)C2(C)C)cc1)c1cc(C)c2c(c1)C(C)(C)C(=O)N2C,2.323088795027215
CCOC(=O)c1ccc(OCc2cc(F)ccc2F)cc1,2.030494189215812
CC(C)C(=O)c1c(NC(=O)CCCCCCCCCCCCCCCCCCCCCCBr)sc2c1CCCCC2,8.634663708571852
CCCCCCCCCCCCCCCCCCCCCC#CCOc1ccc(CNCCNCc2ccccc2)cc1,8.21804170109105
CCCCCCCCCCCSCCCCCCCCCCCCCCCCCCCCC(C)C,11.292901866786197
COc1ccc(COC(=O)N[C@H](Cc2ccccc2)C(F)(F)F)cc1,1.6402698687281774
CCSCCCCCCCCCCCCCC=CCCCCCCCCCCCCCCOc1cccc2c1C(=O)c1ccccc1-2,11.50125437631359
CC(=CCCC(C)=CCCC(C)=CCCC(C)=CCOc1ccc(S(=O)(=O)N2CCC[C@@H](C(=O)N(C)C3CCCC3)C2)cc1)CCO,4.639898355985266
CCCCCCCCCCCCCCSCCCCCCCCCCC(O)C#CCOCc1ccc(F)cc1,7.437004286678509
CC1=CC(C)(C)N(C)c2ccc([C@@H]3[C@@H](c4ccccn4)NC(=S)N3CCc3ccccc3)cc21,2.2847315080999637
CC(Oc1ccc2ccccc2c1)C(=O)N(CCCCCCCCCCCCCSCCO)Cc1cc2cc3c(cc2[nH]c1=O)OCO3,4.762577034242763
CCCCCCNC(=O)c1nc2c3c4c(sc3nc(C)n2n1)COC(C)(C)C4,0.93310145241621
CCCCCCCC=CCCCCCCCCC=CCCCCCCCCCCCCCSS(=O)(=O)c1ccc2ccccc2c1,11.633283634849587
COC(=O)C1=C(C)N(c2ccc(C(=O)C(C)(C)Br)cc2)C(=O)/C1=C/c1ccc(F)cc1,2.488180911782221
CCCCOc1cccc(C(=O)NCCn2cnc(-c3ccccc3)cc2=O)c1,1.4241812323249308
CCCCCCCCCCCCCC(=O)N(Cc1ccccc1C)[C@H](CC)C(=O)NC1CCCC1,5.018133173983631
CCCCOC(=O)C=Cc1ccc(S(=O)(=O)N2CCC[C@@H](C(=O)N3c4ccc(Br)cc4C[C@H]3C)C2)cc1,1.8703885665968718
O=C(O)CCCCCC=CCCCCCCCCCCCCCOc1ccccc1,6.1965098833457315
C#CCc1cccc(CCc2ccccc2N)c1OC1CN(C(=O)Nc2cc(OCCC)ccc2OC)C1,2.4942499305490777
CCCCCC=CCCC=CCCCCCCCCCCCCNC(=O)Cc1c(C)c2c(O)cc(C)cc2oc1=O,6.597356712282631
CCCCOC(=O)CN(c1ccc(OCCC#N)cc1)S(=O)(=O)c1ccc(OCCCCCCCCCCCCCl)c(CCC(=O)O)c1,5.089527028239047
CNC(=O)CCCCCCCCCSCCCCCCCCCC=CCCCCCC(=O)Nc1cccc(F)c1,7.334201867102035
CCCCC#CCCCCCCCCCCCCCC(=O)Nc1cccc2cccnc12,6.031743003921582
Cc1ccc(COc2ccc(C=Cc3ccc(Cl)c(Cl)c3)cc2OCCCCCCCCCCCO)cc1,7.587438298847436
C=CCCCC=CCC=CCCCCC=CCCCCCCCCCCCC=CCCCCCCC=O,9.589916426218313
CCCCCCCC=CCCCCCCCC(C)OC(=O)c1ccccc1Nc1nc(-c2ccccc2Br)cs1,8.376699857190623
OCCCCCCC=CCC=CCC=CCC=CCCCCCCCCCCCCCC1CCCCCC1,8.636464213743173
CC(C)COc1nc(-c2ccc(CCBr)cc2)ccc1-c1noc(CCCC=CCCC=CCCC=CCCCCCCCCI)n1,9.055542376830582
CCCCC=CCCCCC=CCCCCCCCCCCCOC(=O)[C@H]1CCCCN1C(=O)c1ccccc1,6.898290961046987
C=CCCCCCCCCCCCCCCCCCCCCCCCCC=CCCCCNCC=C,9.680473213679438
CCCCCCCCCCCCCCCOc1cc(OC(C)C)c(NC(=O)CC)cc1OCCC(C)(C)C,7.5670233945064975
CC=Cc1cccc(-c2ccc(P(=O)(CC(=O)N3CCC4(C3)CN(C(=O)c3cccc(C)n3)C4)c3ccccc3)cc2)c1,1.7525022658698246
CC(C)=CCc1c(C)nc(-c2cccc(CNCCCNCc3ccccc3)c2)n(CC(=O)c2ccc(Br)cc2)c1=O,3.906706110757213
CCCCCCCC=CCCCCCCCCCCCCC(=O)c1ccc(C=Cc2nc3ccccc3c(=O)n2-c2ccc(C)cc2C)cc1,10.04388360435129
C#CCCCCCCCCCCCCCCCCCCCC=CC1CCN(c2ccc3nnc(CCC(=O)NCc4ccc(F)c(F)c4)n3n2)CC1,7.170678925071092
CCCCCCCCCCCCCCCCCCCCCCCCCCCCCNCCN,8.208081057970583
CCCCCCCCCOC(=O)c1ccc(F)cc1O,2.5552531606525237
CC=CC=CC=CC=CC(=O)N1CC[C@@H]2NC(=O)CO[C@@H]2CC1,-3.335418153634625
CCCc1ccc(-c2ccccc2)c(C(=O)NCCn2ccc3cc(Br)ccc32)c1,4.257146391664999
CCSSc1ccc(CCNC(=O)c2cc(F)c(F)cc2Cl)cc1,2.9363494003727864
CCCCCCCCCCCCCCCCC[C@@H](C)O,4.432188570709939
CC(=O)Oc1ccccc1C(=O)CSc1nc2cc(N3Cc4ccccc4C3=O)ccc2o1,2.3694069707962164
CC=C(C)c1ccc(CN(C(=O)C=Cc2ccc(C(O)C(C)C)cc2)[C@@H](C)C(=O)NC2CCCCC2)cc1,3.195015590438933
CC(C)c1ccccc1[C@H]1CC(c2ccc(Sc3ccc(C=CC=O)cc3)c(NCC(=O)c3ccccc3)c2)=NN1C(=O)c1cccs1,5.924902562743035
CCCCC=CCCCCCCCCCCCCCSSC(=O)OCCCCCCCCCNCc1ccccc1,9.5994434568667
CCCCCC=CCCCCCCCCCCCCCCCCCCCC(=O)N1CCC(C(=O)N2CCC(C(=O)OC)CC2)CC1,7.4589879464493
CCCCP(CCCC)CCCCCCCCCCCCCCC=CCCCCCCSC,9.224214628383352
CCCCNC(=O)[C@H](c1ccc(C(N)CC)cc1)N(C(=O)CCCCCCCCCCCCC(Br)C(=O)O)c1ccccc1C,5.176511050333598
C#CCCCCCCCC=CCCCCCCCCCCC(O)CCCCCCCCCCCCC=C,8.952338557192103
CC(C)c1nn2c3c(nnc2c1-c1ccccc1)C(=O)CC(C)(C)C3,1.3127311814057796
c1ccc(CSC(SCc2ccccc2)c2cccc3ccccc23)cc1,5.5161441236320705
CCCCCCCCCCCCCCC#CCCCCCCCCCCCCSc1nc2sc3c(c2c(=O)n1C)CCCC3,9.388525395346079
CCCCCCCCC=CCCCCCCCCCCCCCCCCCCCCC(=O)NCc1ccccc1,10.080235656636473
CCCCOCCCCCCCCCCCC#CCCCCC(=O)N(Cc1ccccc1)Cc1ccc(C(C)(C)C)cc1,8.107332561312596
CCCCCCCCCCSCCCCCCCSCCCCCCCC(=O)NC(C)(C)C,7.316611266248431
CCCCCCCCCCSCCc1[nH]nc2c1[C@H](c1cc(NC(=O)CSc3ccc(Cl)cc3)ccc1C)CC(=O)N2,5.494166959100408
CCCCCCCCCCCCC=CCCCCCCCCCC(=O)NC1CCCCCC1,6.873796781723209
CCCCCCCCCCCCC(O)CCCCCCCSc1ccc2c(n1)OCCN2C(=O)c1c(C)c2ccccc2oc1=O,6.076752641225577
CC(C)CN(Cc1ccccn1)C(=O)c1ccc(C(=O)SCCCCCCCCCCCCCCCC=O)cc1,6.164807162915668
CC(C)Cc1ccc(Cn2c(=O)c(C(=O)Nc3cccc(CCNCCCCCCCCCCCC(Br)C(=O)O)c3)cc3cccnc32)cc1,5.393933666929758
CCCCCCCC=CCCCCCCCC(C)=CCCCCOC[C@H]1CCN(c2nc(C(C)C)nc3c2cnn3C)C1,6.502272418432942
CCCCCCCC=CCCCCCCCCCCCCCCC(=O)Nc1ccc(C(=O)C(=CCC(C)C)c2ccccc2)cc1,10.507368389993381
CC(C)CC(C(=O)O)N(Cc1ccc(C=CBr)cc1)Cc1ccc(C(=O)CCCCCCCC(=O)O)cc1,4.451189989770024
CCCCOCCCCCCCC#CCCCCCSCCCCCCCCCCC=Cc1ccccc1C,9.112813648743787
C=CCc1ccc(SC)cc1NC(=O)CCCCCCCCCCCC(=O)Nc1nc2ccc(C(=O)CC)cc2s1,6.428927363170205
CC(=O)CCCCCCCCCCCCCCCCCCCCC=CCOc1ccccc1C=CC(=O)c1ccccc1,9.256863454612837
CCCCCCC=CCCC=CCCCCCCCCCCCCCCCCCCCC(=O)N1CCc2[nH]c(C)nc(=O)c2CC1,7.222389852317404
CCCCCCCCCCCC(O)C#CCCCCCCCCC=CC(=O)C=Cc1ccc(C(C)(C)C(N)=O)cc1,5.458409336119452
CCCCCCCCCCCCCCC#CCCCCCCCCCCCCCCCCC(C)O,9.037659058014016
CCCCCCCCCCCC#CCCCCCCCNCCCCCCCCCCCCI,8.738140161248637
CCCCCCCCCCCCCCCCCCCCCCCCCCCCCCOc1cccc(-c2cn[nH]c2)c1,10.900542182065863
CCSCCCCCCCCCCCCCCOc1cc(/C=C2/SC(=O)N(CCC(=O)Nc3ccc(C)cc3)C2=O)ccc1OCCSc1ccc(F)cc1,9.101641374592463
CC(=CCCC(C)=CCCC(C)=CCc1cc(C(=O)NCCCNC(=N)C(Cl)(Cl)Cl)ccc1OCCC(C)C)CCO,5.069773619118415
CCCCCCCCCC=CCCCCC=CCCCCCCC=CCCCCOc1ccc(OC)c(C(=O)N2CCCCC2)c1,9.66530639269244
CCCCCCCCCCC=CCCC(C)=CCCC(C)=CCOCC=Cc1ccccc1,7.4653454930634116
CCCCCCC=CCCCCCCOCC(CO)CC(=O)N(Cc1ccccc1)C(C)C,3.879140171734903
CCCCCCCCCCCCCCCCCCCCCCCCOCCOCCOCCOS(=O)(=O)c1ccc(Cl)cc1,8.173331418355774
CCCCCCCCCCCCCCCCCCCOc1cc(C(=C(CC)c2ccc(CCl)cc2)c2ccccc2)ccc1C(C)(C)C,12.30175773058014
CCCCCCCCOc1ccc(OC(=O)CCCCCCCCCCCCCCCCCSCCO)cc1,7.802833268529046
CCCCCCCCCCCCCCCCCCCCCCCNC(=O)c1cnc([C@H]2CCCN2S(=O)(=O)N(C)C)nc1C,5.344647526573434
CCCCCCCCCCCCC=CCCCCCCCCCC=CCCCCCCSc1ccc(CCl)cc1,11.785021629493684
CC(C(Cl)c1ccc(-c2ccc(C=Cc3ccccc3)cc2C=CC(=O)c2ccccc2)cc1)S(=O)c1ccccc1,6.213974098804993
CCCCCC(O)CCCCCCCCCCCCCCCC(=O)N1CC(=O)Nc2ccccc21,4.847739606580736
CCCCCCCCC=CCC=CCC=CCc1ccc(C2=C(c3ccccc3)C2C(=O)Nc2cccc(Cl)c2C)cc1,8.169479583693482
CCCCCCCCC=CCCCCCCCCCCCCCC=CCOc1ccc2cc(-c3ccccc3)c(=O)oc2c1,9.983196112285663
CCCCCCCCCCCCCCCCCCC=CCCCNC(=O)C(C)Sc1cc(N2CCCC2)ncn1,6.451757824952315
CCCCCCCCCCCSCCCCCCCCCCCCCCCC(=O)Nc1nc2ccc(C)cc2s1,9.710066694688225
CCCCCC=CCCCCCCCCCNC1=CC(=O)C(NC(C)c2ccccc2)=CC1=O,3.9185075164064536
Cc1ccc(SCCCCCCCCCCCCCCCCCCCCCCCCCCCCI)cc1,11.483219094976802
CCCCCCC=CC=CC(=O)NC1CCC(NC(=O)C=CCCC=CCCCCCCCCCC#CCCCCCCCCCC)CC1,9.275555336853692
CCOC(=O)CC(=O)c1cccc(C=Cc2cc(OCCCCCCCCCC=CCOc3ccc(C4CC4)cc3)cc(OCc3ccccc3C)c2)c1,8.801929242229232
CCCCCC(O)CCCCCCCC=CCCCCCOc1ccccc1C(O)c1ccc(C(O)CCCC)cc1,6.537709495301192
CCC(CO)NC(c1ccc(CCN=C=S)cc1)(c1ccc(OC)cc1)c1ccc(C(C)(C)CC(C)(C)C)cc1,3.9808170571762025
CCCCCCCCCCCCCCCCCCCCCCOc1ccc(C(O)CCCCCBr)cc1,9.073354402488595
CCC(c1ccc(OC)cc1)C(CC)c1ccc(C(=O)Cn2cnc3cc(C)ccc3c2=O)cc1,3.1616974866198175
CCCCCCCCCCCCCSSCCCCCC(=O)O[C@H]1CSC2(C1)CN(C(=O)c1oc3ccccc3c1C)C2,6.054164037339886
C=CCCCCCCCCCCCCCCCCCCCC(=O)OC(=O)CCN1CCC[C@@]2(CC1)CN(C)C(=O)O2,3.515225493721424
C=CCOc1ccc(CNC(=O)CCCCCCCOCCCCC=CCCCCCCC(=O)C(O)c2ccccc2Br)cc1,6.007324062081356
CCSCCCCCCCCCCCCCCCCCCCCCCCC(=O)N1CCC[C@H]1CS(=O)(=O)c1ccc(C)cc1,7.886417961461365
C=CCCCCCCCCCCCCCCCCCCCCCCCCCCCCCCCCC,11.922645166101166
CC#Cc1ccc(C(OCC(O)CSCCCCCCCCCCCCCC=CC=O)(c2ccccc2)c2ccccc2)cc1,6.385951813560645
CCCCCCCCC(O)CCCCCCCCCC=CCCCCCC(=O)Nc1ccc(OC2CCCC2)cc1,8.028304972724213
CCCCC=CCCCCCC=CCCCCCCCCCCCCCCCCCCCCI,10.831934439042149
CCCCCCCCCCCC=CCCCCCCCCCCCCCCCC(CC)CO,8.610433707605969
CCCCCCOC(=O)CCc1ccc(CC(=S)N2CCN(C(=O)CCSCCC(=O)N3CCCC3)CC2)cc1,2.1547335174307225
CCCCCNCCCCCCCCCCCCC=CCCC=CCCCCNC(=O)Cc1csc(-c2ccoc2)n1,7.172983741030156
CCCCCCCCCCCCC=CCCCCCCCCCCCC(=O)c1ccc(C(=O)Nn2cnc3c(cnn3-c3ccc(F)cc3)c2=O)cc1,8.366561885352
CCCCCCCCCCCCCCCCC(O)CCCCCCCCCCN1C(=O)c2ccccc2C1=O,7.265018674231992
CCCCCCCCCCCSCCCCCCCCCCCCCSC[C@@]1(OC)c2nc3occc3c(OC)c2CC[C@@H]1O,7.08246928927802
CCCCC=CCC=CCCCCC=CCCCCCCCCCCCCC(=O)N1CCN(c2nc(C(C)C)c3c(c2C#N)CC(C)(C)OC3)CC1,8.554984820378529
CCC=CCCCCC=CCCCCCCCCCCCOc1ccc(-c2noc(-c3cccn3CC(=O)Nc3ccc(CC)cc3)n2)cc1F,8.787285970011155
CCC(C)(C)c1cccc(CN2CC3(CCN(C(=S)Cc4ccc(OCCCC(C)Cl)cc4)CC3)CC2=O)c1,3.663374347890194
CCC=CCCCCCCC=CCCCCCC=CCCCOC(=O)C1=C(C)NC(=S)N[C@@H]1c1cc(CC2CO2)ccc1Br,5.829201255793033
CCOCCP(CCOCC)CCP(CC)c1ccc(CNC(=O)CCCl)cc1,0.7692580863586693
CC(=O)Oc1cc(-c2nnc3sc(-c4ccc(Cc5ccccc5)cc4)nn23)ccc1CNC(=O)CCCCCCCCCCCCCC(C)C,7.437446292465779
CCCCCCCCCCSCCCCC#CCCCCCCCCOC(=O)c1cc(Cn2cnc3ccccc32)[nH]n1,6.651491558792136
C=CCSc1nnc(CNC(=O)c2cccc(C)c2)n1-c1ccccc1OCCCCCCCCCCCCCCCCCC(=C)C,8.086022753519167
CCCCCCCSCCCCCCCCCCCCCCOC(=O)[C@H]1CC(=O)N(c2c(CC)cccc2CNCC)C1,6.317012741013593
CCCCC=CCC=CCCCCC=CCCCCCCCCCCCCCCC(=O)Oc1cc(C)cc2oc(=O)c(C)c(C)c12,9.730962453298496
CC(=O)NCC(=O)c1ccc(C(=O)CC(CC(=O)c2cc(C(C)(C)C)c(O)c(C(C)(C)C)c2)C(=O)c2ccccc2)cc1,3.395852293507823
CCC(=C(CC)c1cccc(N2C(=O)c3cccnc3C2=O)c1)c1cccc(NC(=O)CCCCC(=O)O)c1,3.4826772729456907
CCCCCCCCC=CCCCCCC=CCOc1ccnc(-c2cc(C)ccn2)c1,5.970417177407668
CCC(CO)CCCCCCCCCCCCCC=CCOc1ccc(C(=O)CC(C)(C)CC(=O)c2ccc(O)cc2O)cc1,6.5287124131972245
C=CCc1ccc(S(=O)(=O)OC(C=O)C(O)C(O)COC(c2ccccc2)(c2ccc(C=CC)cc2)c2ccc(C3CO3)cc2)cc1,1.0916597224194842
COC(C)(C)OOCCCCCCCCCCCCCCCCCCCC(O)CCCCCN,5.074779908700259
CCCCP(=O)(CCCCCCCCCCCCCCCCCCl)Cc1ccc(C(=O)OC(=O)C(N)C(C)C)cc1,6.406727761188929
O=C(CSc1nnc(-c2ccc3c(c2)OCO3)s1)c1ccccc1,1.7416751050024022
CCCCN(CCCC)CCCC(=O)N1CCC(Cc2cccc(F)c2)CC1,3.05180899379888
Cc1ccccc1-n1ncc2c(C3CC3)nn(CC(=O)Nc3cccc(CC4CO4)c3)c(=O)c21,0.27165050755374054
CCCCOc1ccc(CC(=O)N2CCC[C@@H](c3cc4ccccc4cn3)C2)cc1,2.694986008230569
Cc1ccccc1C(C#N)N1CCC(Oc2ccc(C(=O)N3CCCC3)cc2)CC1,1.5792979626554509
Cc1ccc(-c2c(C)sc3nc(CCCCCCC=O)[nH]c(=O)c23)cc1,2.5076685146943465
CCn1cc(C(=O)c2ccc(C(C)(C)C)cc2)cn1,1.3888424765938288
CSC(=S)c1ccc(CN(C(C)=O)[C@H](Cc2ccccc2)C(=O)NCc2ccc(C)cc2)cc1,2.396706990503783
CCCCN(CCCCCCCS)CCCCCCCCCCCCCCC(C)=O,6.228317454319866
CCCCCC(O)CCCCCCCCCCCCCCCCCC(=O)Oc1c(Cl)c(Cl)c(Cl)c(Cl)c1Cl,9.338142200015326
CCCCCCCCCCCCCCCC(=O)OC(C(=O)O)C(OC(=O)c1ccccc1)C(=O)NCCCC,3.409297213963222
CCCCCCCCCCCCCCCCCCCCCCCC(C(=O)OCC)C(=O)OCC,7.224511884655616
CCCCCCCCCCCCCCCC=CCCC=CCC=CCC=CCCCCOC(C)C,9.10706993427434
CCCCC(=O)NCc1ccc(S(=O)(=O)NC(CC(=O)Oc2ccc(C)cc2C)C(=O)OCC=Cc2ccccc2)cc1C,2.114919804246978
Cc1ccc2c(c1)cc(CN(C[C@@H]1CCCO1)C(=O)Oc1ccc(Cl)c(C)c1)c1nnnn12,1.524020984897101
CCCCCCCCCCCCOC(=O)COc1cccc(CNC(=O)CCCCCCCCC(=O)c2ccc(-c3ccccc3)cc2)c1,8.230337867907624
CCOc1cc(/C=C2/SC(=O)N(CCC(=O)OCc3ccc(F)cc3)C2=O)ccc1OCC(N)=O,0.8428446499265307
CCC(C)COC(=O)c1cccc(/C=N/c2ccc3n[nH]cc3c2)c1O,0.8089214936710389
COc1cc2c(nn1)CCN(C(=O)CCCCCCCCCC#CCCCCCC#CCCCCCCCCCCCI)C2,6.8212046440044105
OCC=CCCCCCCCCCCCCCCCCCc1nc2ccccc2s1,6.240340055420846
CCCCCCCCCCCCCCCCCCCCCSS(=O)(=O)c1ccccc1,7.277596623227561
CCCCC=CCCCCCCCCCCCCCCOc1ccc(N2C(=O)C(Cl)=C(Nc3cccc(OC)c3)C2=O)cc1,7.625623988165103
CCOC(=O)C(CC(=O)c1ccc(CNC2CC2)cc1)(NC(=O)CCCCCCCCCCCCCC(C)C)C(=O)OCC,4.32188163689242
CCC=CCC=CCCCCCCCC(O)CCCCCCCCOC(=O)C[C@@H]1NC(=O)[C@H]2C[C@@H](NC(=O)Nc3cccc4ccccc34)CN2C1=O,3.7548536558071346
CCCCSCCCC=CCCCCCCC=CCCC=CCCCCCCC[C@@H]1CCCN(C(=O)c2ccc(CSC)o2)C1,9.106050414959226
CCCCCCCCCCCCCCCCCCSCCCCCCCCCCN1CCC[C@@]2(CCC(=O)N2CC)CC1,7.180534235851042
C=CCCCCCCCCCC=CCC=CCCCCCCCCCCCCCCCC,9.777701807708327
C=CCCCCCCC=CCCCCCCCCCCCCCCCCOc1cc2c3c(c1)[C@@]1(SCC(=O)N1c1ccc4c(c1)OCCO4)C(=O)N3C(C)(C)C=C2C,8.685844270683473
CCCCCC(O)CCCCCCCCCCCCCCCCCCC(=O)OCCC(C)C,6.765152610360101
CCOC(=O)N1C(=O)c2cc(OCC(C)C)ccc2S1(=O)=O,-0.6729090155961446
COc1cccc(C=CC(=O)OCCc2ccc(OC(F)(F)F)cc2)c1,2.3051200363529913
CCc1c(C)nc(-n2nc(C)cc2NC(=O)CSCc2ccccc2)[nH]c1=O,0.4345554348894325
CCC=CCC=CCCCCCCC=CCCCCCCCCCCCCCCCCOc1ccccc1Cl,10.718553516598028
CCC(CC)C(=O)NC[C@@H]1CC(=O)N(C)[C@H]1c1cnn(-c2ccc(CCCl)cc2)c1,0.10114983435326774
CC#Cc1ccc(N(CC(=O)NCCc2ccc(CC#N)cc2)S(=O)(=O)c2cc(C)ccc2OC)cc1,1.3686495050844476
CCCN(CC(=O)NCc1ccccc1Cl)C(=O)N(CC)Cc1ccccc1,2.1874318905856374
CC(C)(O)CCc1ccc(C(=O)OCCCCCCCCCCCCCCO)cc1,4.014089044184893
CCN(CC)C(CCCCCCCCCCCCCCCCCCO)=NS(=O)(=O)c1ccc(Br)cc1,5.7675075964190565
CCCCCCCCCCCCCCCCCSCCCCCCCCCCCC(=O)N1CCC[C@H](c2cc(=O)nc3n2CCC3)C1,7.886155166565972
CCCCCCCCCCCCCSCCCCCCCCSc1ccc(C#CCNC(C)(C)CO)cc1,6.968412844301987
CCCCCCC(O)CCCCCCCCCCCCCCCCCCCCCCC(C)O,7.606760432816088
C=C(C)CCCC(C)CCOCCOCCOCCNCc1ccc(SC(CCCCC(C)C)Sc2ccccc2)cc1,6.259162436911678
CCCCCCCCC=CCC=CCCCCC=CCCCCCCNC(=O)c1nc(-c2cccc3[nH]ccc23)no1,7.203722946985492
C=CCCCCCCCCC=CCCCCCCC=CCCCCCCCC1CCN(C(=O)C2CCN(c3ccc4nnc(C(F)(F)F)n4n3)CC2)CC1,8.656897336300766
CCCCCCCCCC[C@@H]1CCCCN1C(=O)c1cc(C(C)C)no1,3.477346649596198
C=CCc1ccc(C2(C(N)=O)CCCC2)cc1,0.3516209181594441
CCn1ccc2cc(NC(=O)CC(=O)Nc3ccc(C)c(C)c3)ccc21,2.1608167276069423
Cc1cc(/C=C2\NC(=O)N(C3CCCCC3)C2=O)ccc1OCCCCCCCCO,2.4209390275989913
CC(C)CN(CC(C)C)C(=O)c1ccc2c(c1)CCCN2C(=O)CCCCC=CCCCCCCCC=CCCCCCCCCl,8.609777905708691
CCCCCCCCCCCCCCCCCCCCCCC(O)CCCCC(=O)OCc1ccncc1,7.377183623316473
CCCCCCCCCCOc1ccc(C(C)CC(=O)OC(C)CC)cc1,4.217652908145287
C=CCCC=CCCCCCCCC(O)CCCCCCCCCCCCCCNC(=O)C1=NO[C@H]2CCC3(CCN(C(=O)C4CC4)CC3)[C@H]12,5.160222879656892
CCCCCCCCSCCCCCCCCCCCCC=CCCCCCCNC(=O)Cn1cnc2ccccc2c1=O,7.619561531303161
CCCCCCCCCCCCCCCOc1ccc(C)c(S(=O)(=O)NC2(c3cccs3)CCCC2)c1,6.562926937479512
CCSCCCCCCC(=O)Oc1cccc(C=Cc2ccc3[nH]c(=O)c([C@@H](c4nnnn4C4CCCC4)N4CCc5ccccc54)cc3c2)c1,4.847423175808387
O=C(NCCCCCCCCCCCCCCCCCCCCCCCCCCO)C12CC3CC(CC(C3)C1)C2,7.18256316909116
CCCCCCCCCCC=CCCCCCCC=CCCCCCCCC=C(C)CCC=C(C)C,10.762590834186721
CC=Cc1cccc(/C=C2\NC(=O)N(Cc3ccc(CCC)cc3Cl)C2=O)c1OCCCCCCCCC=CCC=CCCCCCC,8.752618265697215
CCCCCCCCCC(C(=O)OCC)C(=O)OCC#CCOC(=O)c1ccc(COc2ccc(C(C)=O)c(O)c2C(C)=O)cc1,2.939221967606441
CCC=CCCCCCCCC(=O)OCCc1ccc(Cn2c(C)cc([C@H]3[C@@H](c4ccccn4)NC(=S)N3Cc3ccccc3)c2C)cc1,5.603332076326234
CCCCCCCCCCCCCCCCCCCCCC#CCCCCC(=O)OCCCC,8.382114330161974
CCSCCCCCCCCCCCC=CCCCCCCCCCCC=CCCCCCS(=O)(=O)Cl,9.064788077378429
C=CCCCCCCCCCCCCCCCC=CCC=CCCC=CCCCCCCCC(=O)CCl,9.557346756316589
CC(C)=CCCCCCCCCCCCCCCCCCCCCCOC(=O)c1cccc(Cc2ccccn2)c1,9.032324966720486
CCCCCCCCCCC#CCCCCCCCCCCCCCCC#CCOc1ccc(-n2cncn2)nc1,7.009852438347231
CCCCCCCCC=CCCCCCCCCCCCCCOC(=O)c1ccccc1NC(=O)Cn1nnc2sc3c(c2c1=O)CC[C@@H](C(C)(C)C)C3,8.148890345101975
CCCCCCCCCCCCCSCCCCCCCCCC(=O)NCCNC(=O)C(CC)CC,6.298943415516632
CCCNCCCNCCNC(=O)[C@H]1CC(=O)Nc2ccc(F)cc21,-1.5765634078543975
CNC(=O)[C@]1(Cc2ccccc2-c2ccccc2)CCN(C(=O)CCc2ccccc2)C1,1.7606701742777613
CCCNCc1ccc(NC(=O)CSc2nnc3c(C)cc4cc(C)ccc4n23)cc1,2.3832722514537856
C=CCCCCNC(=S)N(Cc1cc2cc3c(cc2[nH]c1=O)OCO3)C1CCCCC1,1.863450142551451
C=COC(=O)c1ccc(NC(=O)c2cccn(CC(=O)c3ccc(Cl)cc3)c2=O)cc1,1.6344331664241318
CCC(=O)c1cccc(C(=O)CNC(=O)c2ccccc2C)c1,1.3228311885646287
COc1ccc(C(=O)C(C)Cl)cc1NC(=O)CCCCCCCCCCCCCCCBr,5.515142878992403
CC(Cl)=CCCC(C)=CCCC(C)=CCCCCCCCC1CCCC1,6.689859907625733
C=CCOCCCCC=CCCC=CC(OCc1ccccc1)C(C=CCO)OCc1ccccc1,3.2380284101266072
CCOC(=O)C(CC(=O)CC(C)=CCCC(C)=CCCC(C)=CCCCCCC=CCCCO)CC(=O)c1ccc(C)cc1,6.0502627310762405
CCCCCCCSCCCCCCCCCCCCCCCCCCCCC(=O)NCc1ccccc1,9.110590241245333
CCCCCCCCCCCCCCCCCCCCCCCCCCC#CCCCC(=O)OC,8.833113914996153
C=CCNCCCCCN=Cc1ccc(SCCCCCC=CCCCCCCCCOC(C)(OCCCC)C(Cl)Cl)cc1,7.467507470849613
CC=CC=CCC=CCC=CCCCCCCCCCCCCCCCCCCCCCCCCCC(C)=O,10.65203996715446
CCCCCCCC=CCCCCCCCCCCCC=CCC=CCC=CCCCCCC(=O)OCC,9.458694933519373
CCCCCCCCC=CCCCCCCCCCCCCCOc1ccc([C@@H]2Cn3nc(-c4nc(-c5cccnc5)no4)cc3CO2)cc1,7.950544575587424
CCCCCCC=CCCCCCC#CCCCCCCCCCCCC(=O)N1Cc2ccnn2[C@H](C(=O)NC2CCCC2)C1,5.889950764609599
C#CCOc1cc(/C=c2/sc3nc4ccccc4n3c2=O)ccc1OCCCCCC#CCCCCCCCCCCCCCCCCCCC=C,8.316533515449743
CCCCCCCOc1ccc(CNC(=O)CCCCCCCCCCCCCCCCCCCS)c(F)c1,8.235991016370393
CCCCCC(O)CCCCCCCCCCCCCCCCCCCCCCCCc1nnc2ccccn12,8.154734700743656
CCCCCCCCCCCCCCCCCCCC(=O)N1CCC(NC(=S)N(CC=C(C)C)CC(C)C)CC1,7.009800132400972
CCCCNc1ccc(S(=O)(=O)N=C(CCCCCCCCCCCCC=CCCCCC=CC=O)N(CC)CC)cc1,6.680713923656001
O=CCCCCCCC=CCCC=CCCCCCCCCCCCCCSCCCCCSc1ccccc1,10.00142691254564
NCCCCC(O)CCCCCCCCCCCCCCCCCCCCCCOc1ccccc1,7.119060773324378
C=CCCCCCCCCCCCCC=CCCCCCCCC(=O)NCc1nnc(SCN2C(=O)c3ccccc3C2=O)n1CC,6.376621305555378
O=C(N[C@@H]1CCN2C(=O)c3cc(OCC=CCCCCC=CCCCCCCCCCCCCCCCCCCCBr)ccc3NC(=O)[C@H]12)C1CCCC1,6.91299324733232
COC(=O)c1nc2n(n1)[C@@H](c1ccc(C)cc1)C(C(=O)Nc1ccc(C=CCCCCCCCCCCCCCCC(O)CCCSC)cc1)=C(C)N2,6.2233044024776385
CC(=O)NCCCCCCCCCCCCCC=CCCC=CCCCCCCCCCCC(=O)O,7.193074234589316
CC(=O)NCCCCCCCCCCCCCCCCC=CCCC=CCCCCCCOc1cccc(Cl)c1,8.87940823314977
CCC(=O)c1ccc(NC(=O)CCCCCCCCCCC#CCCCCCCCNCCNCC(=O)O)c(C)c1,4.238769256661337
CC(C)[C@@H]1c2[nH]c3ccccc3c2CCN1C(=O)C=CC=CC=CC=CC=CC=CC=CCCCCCCCCCCCSCCCl,7.904946380588376
CCCCCCCCCCCC#CCC(=O)CCc1ccc(Nc2nc(-c3c(C)nc4cc(C(C)=O)ccn34)cs2)cc1,6.432298715158756
CCCCCNCCCCCCCCCCCC=CCCC=CCCCC(=O)NCc1ccc(Br)cc1,7.197824850252099
CCCCCNCCCCCCCCCCCCCCCCCCCCOC(=S)Nc1c(Cl)ccc2nsnc12,7.993082789362791
CC(C)C(=O)Nc1ccc(CN(Cc2ccccc2)C(=O)c2ccccc2OCCCCCCCCCCCCCCCCCCBr)cc1,9.47949442034759
C=CCCCCCCCCCCCCC(=O)NCc1ccc(C(=O)[C@H](C)[C@@]2(O)C(=O)Nc3c(C)cc(Cl)cc32)cc1,4.2234647511554915
CCCCCCCC#CCCCCCCCCCCCCCCCCCCCCCOc1ccccc1Cl,10.496000590150231
CC(=O)c1ccc2c(Cl)c(C(=O)NCCCCCCCCCCCCCCCCCCCC=CI)sc2c1,8.746917949838638
CCCCCCCCCCCCCCCOC(=O)c1ccc(Cc2ccc(-c3ccc(OCC(C)=O)nc3)s2)s1,6.834466323335455
C=CCCCCCC=CCCCCCCCOC(=O)C=Cc1ccc(-c2c3c(=O)n(C)c(=O)n(C)c3cn2Cc2ccccc2)cc1,5.2706803779535765
CCCCCCCCCCCCCC=CCCCCCCCOC(=O)c1ccc(Nc2nc3c(S(=O)(=O)c4ccccc4)nnn3c3ccccc23)cc1,8.502872336145717
CC(C)[C@H](C(=O)Nc1ccc(CCNC(=O)CCCCCCNCCCCCCCCCCCCC=O)cc1)n1nnc2ccccc2c1=O,3.9155661037237364
CC(C)CCCCCCCCCCCCCCCCCC=CCC=CCCCCCCCOc1ccccc1,10.725844257508085
CC=C(C)c1ccc(-c2n[nH]c3c2CN(C(=O)c2cnn4ccccc24)CC3)cc1,1.5515363120893984
CCc1ccccc1COC(=O)N[C@@H]1CCCc2ccccc21,2.121513757714159
Cc1ccc(-c2cc(C(=O)NCCCCNC(=O)c3ccccc3Br)no2)cc1,2.2476982666159406
C=C(C)CCOc1ccc(C)c(NC(=O)Cc2ccc3c(c2)OCCO3)c1,2.067445686513631
Cn1c(=O)c2c(ncn2Cc2ccc(COCC(O)CNC3CCCC3)cc2)n(C)c1=O,-2.0737495977616196
CCCCCCCCCCCC(=O)N1CCc2onc(-c3ccc(NC(=O)C(C)C)cc3)c2C1,4.258706853651535
C=CCCCCCCCCCCCCCCCCCCC=CCC=CCCCCCCC,9.777701807708327
CC(C)CC(NC(=O)CN(C)C(=O)c1cn(Cc2ccccc2)nc1-c1ccc(C(C)(C)C)cc1)C(=O)OCCCCCCCCl,3.969826414721826
C=C1/C(=C/C=C2\CCC[C@@]3(C)[C@@H]2CC[C@@H]3[C@@H](C)OCCCCCCCCCCCCSCCCCCCCCCCCl)C[C@H](O)C[C@@H]1O,7.777893554774459
CC(C)=CCCCCCCCCCCCCCCCOc1cccc(C(SCc2ccccc2)SCc2ccccc2)c1,10.606155520027727
CCCCCC(O)C#CCOCc1ccc(C[C@@]2(CCC(=O)N(CC)CCc3nc4cc(Cl)ccc4[nH]3)CCC(=O)N2)c(F)c1,1.7773026183297098
C=CCCCCCCCCC(=O)c1c(-c2cc(OC)c(CN)c(OC(C)=O)c2)cc(-c2ccc(C=C)cc2)nc1C,5.254382207523182
CC(=O)C#Cc1ccc(CCOC(=O)c2cccc(OCc3ccccc3)c2)cc1,2.419043208641124
CCCCCCCCOc1cc(C=Cc2cc(C)c(C)c(C)c2)ccc1C=CC(C)=O,5.633925261914854
CN1CC2(CCN(C(=O)CCCCC(O)CCCCCC=CCCC=CCCCCCCCCCI)CC2)OC1=O,4.618357566733158
CC(C)=CCCC(C)=CCSCC(=O)Nc1ccc(F)cc1F,2.8408668204327627
CCCOc1ccc(C)c(NS(=O)(=O)CC23CCC(CC2=O)C3(C)C)c1,-0.06296531510120484
C=CCCCCCCCC#CC#CC(C)C(C(=O)OCC)C(=O)OCC,0.7560462857708306
CSc1nc2ccc3nc(NC(=O)CCCCCCCCCCCCCCCCCCl)sc3c2s1,7.314855620468583
C=CCN1C(=O)S/C(=C\c2ccc(OCCCCCC(O)CCCCCCCC=CCC=CCCCCCCCSC)c(Cl)c2)C1=O,8.145475255752144
CCCCCCCC=CCCCCCCCCCCC=CCCCCS(C)=O,5.949740955648155
CC(C)CN(CCN(CC(C)C)CC(C)C)CC(C)C,2.0861232648619223
CC(=O)c1ccc2cc(CN(c3ccccc3)S(=O)(=O)c3cc(COC(=O)C=Cc4cc(CCl)ccc4F)ccc3Cl)c(=O)[nH]c2c1,4.434634993338189
CCCCC#CCCCCCCCCCSCCCCCCCC(CC)CO,5.257068016896616
CCCCCC(O)CCCCCCCCCCCCCCNCCCNC(=O)[C@@H]1CC(=O)N(C2CCCCCC2)C1,3.28349748604209
C=CCCCCCCCCCCCCC=CCC=CCCCCCCCN1C(=O)/C(=C/c2c(N3CCc4ccccc4C3)nc3c(C)cccn3c2=O)SC1=S,8.98545318963767
CCC(C=O)CCCCCC=CCCCC(=O)Oc1cccc(C=Cc2ccc(C(C)(C)C)cc2)c1OCC(=O)Nc1cccc2ccccc12,7.583400802784137
COC(=O)CCCCCCCCCCCCCCCCCCCCC=C(C)CCC=C(C)CCC=C(C)C,9.782689597414034
CC(=O)Nc1ccccc1N1C(=O)[C@@H]2NN=C(C(=O)c3ccc4ccccc4n3)[C@@H]2C1=O,-1.5281582895056638
Cc1ccccc1NC(=O)CSc1ncnc2c1cnn2-c1ccc(F)cc1,1.847381686106571
CC(=O)CCCCCCCCCCCCCCSc1nc(=O)n2ccc(C)cc2n1,3.5313527651151233
CNCCCCCCCCCNC(=O)Cn1c(=O)c2c(OC)c(C)cnc2n(C)c1=O,-1.0826209129047235
CCCCCCCCCCCC#CCCCC(=O)N(Cc1ccc(C)cc1)[C@@H](C)C(=O)N[C@H](C)CC,4.390905052699429
CCCCCCCCCCCCCCCCCCSc1ccc(C(=O)CC(Sc2ccc(C)cc2)C(=O)O)cc1,8.177898138819044
CCCCCC#CCC(CCCCCCCC)C(=O)NCC(=O)N(Cc1ccccc1)Cc1ccccc1,4.665424318837183
CCCCCCCC=CCCCCCCCCCCCCCN(CC)S(=O)(=O)c1cc(-c2cc(C(F)(F)F)n[nH]2)sc1C,7.9271051329345195
CCCCCCC=CCCCCCCCCCCCCCCCCCCCC#CC(=O)C(F)(F)F,8.286162508611215
CC(=O)NC(CCCNC(=O)c1cc(=O)c2ccccc2o1)C(=O)O,-1.6800957786679078
C=CCCC=CCCCCCCCCCCCCCCCCCC(Br)CO,5.788051440615401
CCCCCCCCCCC=CCCCCC(=O)Nc1ccc(C=Nc2nnc(-c3ccn(C(C)C)n3)[nH]2)c(Cl)c1,5.989361361766134
CCCCCCCCCC=CCCCCCCCCC(=O)Nc1cccc(NC(=O)CCC(=O)c2ccc(C)c(C)c2)c1,8.137253173186954
O=CCCCCCCCCCCCCCCCCCNCCCCCCCCCCOc1ccccc1,7.945213397860057
Cc1ccccc1NC(=O)CCC(=O)OCc1cccc(C(F)(F)F)c1,2.5932424336132662
CCCCCCC(O)c1ccc2[nH]nc(C(=O)N3C[C@H]4[C@H]5CC[C@H](C5)[C@@H]4C3)c2c1,0.10100611536870563
CCCCCCCCC#CCCCCCCCCNc1nc(C)nc2sccc12,5.240933268524031
CCC(CCCCC(C)C)COC(=O)C=CSC1CCN(C(=O)NCc2cccs2)CC1,3.0314398358816685
CCCCCCCCCCCCCCCC(O)CCCCCCCCCCCSCC,7.863825561419375
C#CC(O)C=CCCCCCCCCCC=CCC=CCC=CCC=CCC=CCCCCCCCCOc1ccc2c(c1)OCCCO2,7.384643607806085
CCCCCCCCCC=CCCCCCCCCCCC=CCCCCCCOC(=O)c1ccccc1C(=O)N1CCCC1,9.430537840629315
CCCCCCCCCCCC#CCCCCCCCCCCCCCSCCCCCCC,10.092185389081543
O=CC=Cc1ccc(OCCCCCCCCCCCCCCCCC(=O)Oc2ccc(Cl)cc2)c(F)c1,7.004913263882406
CCCCCC=CCCC=CCCCCCCCCCCCCCCC(=O)NCc1ccccc1F,7.851748385042185
CCCCCCCCCOc1cc(CCNC(=O)CC(=O)NCCc2ccc(Br)cc2)ccc1OC(=O)CC(C)C,4.382167314200616
C=CCCCC#CCCCCCCC=CCC=CCCCCCCCCCCCCCCCCSc1ccccc1,10.881434179703435
CCCCCCCCSC(=O)c1ccc(C)cc1,3.274907288940218
O=C(c1cccc(OCc2ccccc2)c1)N1CC2C[C@@H](C1)Cn1c2cccc1=O,0.07406343670946036
CC(C)Sc1ccc(C(C(=O)O)c2ccc(Cl)cc2)cc1,2.5483156428659814
O=C(COc1ccc(Cl)cc1)OCc1ccccc1,1.996850357174785
CC(C)=CCc1cc(C=Cc2cccc(OCc3ccc(SCCO)cc3)c2)cc(Br)c1O,4.832426221377665
CCOC(=O)C(C=CC=O)Sc1ccc(C=Cc2cccc(O)c2)cc1,1.0389250279745728
C=CCCCCCCC=CCCCCCCCCSCCCCCCCCCCCCCC(=O)N1Cc2ccccc2C1,9.893061430712077
CC(C)c1cccc(C(C)C)c1NC(=O)CC(=O)N1CCN(C2CCCC2)C(=O)C1,1.3652023342683002
CCCCCCCCCCCCOc1cccc(-c2nnc(SCCC)n2-c2cccc(C)c2)c1,6.715961593319271
CC(=O)SCC(CC(=O)c1cc(C)n(CCc2cccs2)c1C)C(=O)O,0.8483503431922816
CCCCCCOC(=O)C=Cc1ccccc1CN(C)C(=O)[C@]1(C)CC(c2ccccc2OC(F)F)=NO1,2.5616708112232986
CCCCCCCCCCCCCCCCCCC#CCCCCCCCCCCCCCOc1ccccc1,11.129358175903805
CCCCCCSCCCCCCCCOc1cccc(N2CCCC2=O)c1,4.585896770534343
CC(=O)c1cccc(C(CC(=O)O)c2ccc(Nc3cc(Cl)ccc3C(=O)O)c(NC(=O)C34CC5CC(CC(C5)C3)C4)c2)c1,3.3542771582868385
CC(C)CCCCCCCCCCCCCCCCCCCCCC(=O)Nc1cccc(-c2ccc(=O)n(C)n2)c1,7.733524855899116
C=CCC(C(=O)NC(CC(C)C)C(=O)O)C(=O)NC(C)c1ccc(CCC(=O)OCC(N)=O)cc1,-1.8667891080650318
CC(=O)c1ccc(OC(=O)CCCCCCCCCCCCCCCCCCCCCCCCCCCI)cc1,10.021567561778431
O=C(CC=Cc1cccnc1)c1ccccc1,1.3264928027748288
CCCOc1cc(C)c(C)cc1NC(=O)CCNC(=O)OCc1ccc(C)cc1,2.6049796938633927
CC(C(=O)Nc1ccc(OCCCCCCCCCC(=O)c2ccc3ccccc3c2)cc1)N1C(=O)c2ccccc2C1=O,4.9777880886570225
CC(C)Sc1nc(NCCCC=CCCCCCCCC=CCCC=CCCCCCCCCC=O)c2sc3nc(-c4ccco4)c4c(c3c2n1)CCC4,10.4106248154314
C#CCCCCCCCCCCC=CCCC=CCCCCNC(=O)c1sc2nc[nH]c(=O)c2c1C,4.557357269234932
CC(C)OC(=O)CCCCCCCCCCCCCCCCCCCCCCCC(=O)Nc1cccc(F)c1,8.336888531686938
CCN(CC)C(=O)CCCCCCCCCCCCCCCC(O)CCCCCCCOc1ccccc1,6.6580908922637505
CCCCCCCCCCCCCCCC=CC=CC=CC=CCOC(=O)c1cc(-c2cccs2)nc2ccccc12,8.865109795620713
CC(C)CCCCCCCCCCCCCCC=Cc1ccc(/N=C/[C@H]2C(=O)NC(=O)N(c3cccc(CCC=O)c3)C2=O)cc1,5.979532948812732
CCC(=O)c1ccccc1C(NC(=O)c1ccccc1)Nc1nc(C)c2ccc(C(=O)C=CCCCCCNC(=S)S)cc2n1,3.565386116445267
CC(=O)CCc1ccc(/C=c2\sc3n(c2=O)[C@@H](c2cccs2)C(C(=O)OCCCCCC#CCCCCCCOC(=O)c2ccc(Cl)cc2)=C(C)N=3)cc1,4.672765729717382
CCCCCCC=CCCCCCCCCCCCCCCCCCCCCSc1nc2cc(C=Cc3ccc4ccccc4c3)ccc2o1,13.179944807064315
C=CCCCCCCCCCCCCC(=O)NCc1ccc(C(C)NC(=O)C2CCN(S(=O)(=O)N(CCCC)CCCC)CC2)cc1,4.922424143355792
CCCCP(=O)(CCCCCCCCCCCC=CCCCCCCCCCCCN)Cc1ccccc1,8.425834766767611
CC(C)CCCCCCCCCCCCCCCCC(C)C,7.1240777926301835
CC(=O)Oc1ccccc1Cc1ccc(/C=C2/C=C(c3ccc(CCC(=O)c4ccc(C=O)cc4)cc3)OC2=O)cc1I,4.4559831544252395
CCCCCCNCCCCCCCCCCCCCCCOC(=O)c1ccc(C[C@H]2C(=O)Nc3ccc(C)cc32)cc1,6.564759337539648
CCCCCCCCCCCCCC=CCCCCCCCCCCCCCCCCC,10.828719495667922
C=C(C)c1cccc(C(CC)=C(CC)c2ccc(NCCCCC=CCCCOCCCCCCCC)cc2)c1,8.858633718099597
C=CCSCC(NC(=O)C(CC=C)C(=O)NC(C)c1ccc(CN(CC=C)CC=C)cc1)C(=O)NCCCCCSc1ccccc1,2.574711413674142
CCOC(=O)C(CCC=C(C)C)(CCSC)C(=O)OCCCCCCCCCCCCCCCSC#N,5.257410605762724
CC(C)COc1ccc(C(=O)c2ccc3nccnc3c2)cc1,1.9195553319212744
C=S(C)C(C(=O)Cc1ccc(C)cc1)=C(O)Cc1cccc(CC(=O)c2ccccc2)c1,2.7087921097616334
C=CCC(NCc1ccc(Cl)c(NC(=O)[C@H](C)OC(=O)c2cc(C)ccc2C)c1)c1ccccc1,3.4759839487291364
CCCCCCCCCCCCCOc1cccc(C(=O)NC(=S)Nc2nc3ccc(CBr)cc3s2)c1,6.505234112173982
CC(Cl)=CC=CC=CCCCCCCCCCCC(=O)N1CCC(c2cccc(Nc3c(C)cc(C)cc3C)n2)CC1,7.468023418449508
C#CCOc1cc(CC(C(=O)O)C(Cc2ccc(C)c(C)c2)C(=O)OCC(=O)COC(C)=O)ccc1CC=C,0.07654946152873698
CC=Cc1cc(C)c(NC(=O)CCCCCCCCCCCCCCCCCCCC#CCCCCO)c(C)c1,8.032702146193246
CCCC(=O)OC(=O)CCCCCSCCCCCCCCCCCCCCCCCOc1cccc(OC)c1,7.472531840576833
CCC=CCCCCCCCCCCCCCCCCCCCC(=O)N1CCC(COc2ccc(Cl)c(C)c2)(CC(N)=O)CC1,7.909269607199137
CC(C)(C)NC(=O)CCCCCCCCCCCCCCCC(O)CCCCCCCCN,4.983706982362493
CC(C)CCCCCCCCCCCCCCNC(=O)Cc1cccc(N[C@@H](C)c2cccs2)c1,6.508522546413175
CCCCCCCCCC=CC=CC=CC=CC=CCOC(=O)Cc1nc(-c2c(-c3ccccc3)ncn2Cc2ccccc2)c(C)[nH]1,6.910356062608921
CCCCCCCC=CCCCCC=CCCCCCCCCCC#CCN1C(=O)N/C(=C\c2ccc(Cl)s2)C1=O,7.580954388181384
CCCCCCCCCCC=CC=CCCCCCCCCCCCCCCCCCC,10.352006927615266
CCCCCCCC=CCCC=CCCCCCCCCCCCC=CCCCCCCCC,10.758412823855851
CCCN(CC)CC(CCC(NC(=O)OC(C)(C)C)C(=O)OC(C)C)C(=O)c1ccccc1,1.553344304592465
C=CCCCCCCCCCC(NC(=O)CSCC(=O)Nc1cc(C=CC(C)=O)ccc1OC(C)C)C(=O)OCC(=C)C,3.615836854281735
C=CCCC=CCCCCCC(O)CCCCCCCCCCCCCCCNC(=O)C(F)(F)F,5.764726222934673
C=CCCCOC(=O)c1ccc(C=CC=O)c(OCCCCCCC=CCCCCSCCCCCCC(=O)SCC)c1,6.77662772260292
CCCCOC(=O)NCCCCCCNC(=O)CCCCCCCCCCCCCCNC(=O)CC(=O)c1ccc(C)cc1,5.357797938152137
CCCCC(=O)c1ccccc1N1C(=O)C(=O)N(c2cccc(CC(O)C(O)Cc3ccc(C(C)(C)C)cc3)c2)C1=O,1.845872344275345
CCCCC=CCCCCC=CCCCCCCCCCCCCCCCCCCCCC,10.758107388858805
O=C(COCCCCCCSCCCCCCCCCC=CCCCCC=CCC=CCO)c1ccccc1Cl,7.5556224343332055
CCCCCCCCC=CCCCCCCCCCCCCCCCCC(=O)NC[C@](C)(O)c1cc2ccccc2o1,8.024829376533928
CCCCC[C@H]1SCCN1C(=O)c1ncccc1O,-0.18499560418746297
CC(C)c1ccc([C@@H]2CC(=O)Nc3c2nc2n3CCCC2)cc1,0.6201725407221943
CC(C)CNC(=O)CSCC(=O)Nc1cccc2ccccc12,1.3909415288013154
CCCn1nc(NS(=O)(=O)CC23CCC(CC2=O)C3(C)C)c2cc3ccccc3nc21,-0.16803046733535965
CC(C)c1ccc(F)cc1NC(=O)N(C)C(C)C(O)c1ccccc1,1.6004688817228319
CC(C)=CCCC(C)=CCOC(=O)CCCC(=O)Nc1ccccc1C,3.02611935669019
Cn1c2c(c3cc(C(O)C(F)(F)F)ccc31)CCCC2=O,0.16002091998450663
CCCCCCCCCCCOc1ccc(SC)c(C(=O)N2CCCC2)c1,4.417537943487431
C#CCCCCNC(=O)[C@H](C)N(Cc1ccccc1C)C(=O)CN(CC(=O)OCC)c1ccc(F)c(F)c1,0.6944163468092039
CCCCCCCCCCCCCCCCCCCCCC(=O)Oc1ccccc1,7.469165962207322
CCCCCCCCC#CCCCCCCCCC(O)CCCCCCCNC(=O)c1cccc(OC)c1OC,5.901946901360861
CCCC(=O)OCC(COC(=O)CCCCS)OC(=O)CCCCCCCCCCC(=O)Nc1cc(Cl)ccc1C,4.24159766503192
NCCCCCCCCCCCCCCCCCCCCCCC=CCC=CCOc1ccccc1/C=C1\NC(=O)N(Cc2ccccc2F)C1=O,8.794685908876753
CCCCCC(O)CCCCCCCCCCCCCCCCCCCCCCCCI,8.806752200968287
C=CCCCCCCC(O)CCCCCCCCCCCNS(=O)(=O)c1ccc(NC(=O)CC)c2ccccc12,5.1860638666838685
CCCCCCCCCCCCCCC=CCCCCCCCCCCCCCOC(=O)c1ccc2c(c1)OCC(=O)N2,8.749246971096357
C=CCCCCCCCCCCCCCCCCCCCCC#CCS(=O)(=O)c1ccc(C(=O)N2CCO[C@@H](c3cc4cc(F)ccc4cn3)C2)cc1,7.568094678568506
CCCCCCCCCC=CCCCCCCCC=CCCCCCCCCCCCCCN,9.482304592888319
CCC(=O)NCCCCCCCCCC=CCCCC(=O)O[C@H]1C[C@H]2[C@H]3CC=C4C[C@@H](OC(=O)CC(C)(C)C)CC[C@@]4(C)[C@H]3CC[C@@]2(C)C1,5.826489847468938
CCCCCCCCCCCCCC=CCCC=CCCCCCCCCC(=O)NCc1ccc(OC)cc1,8.487280232091797
CCOC(=O)c1ccc(NC(=O)CCCCCCCCCCCCCCCCSCCCCCCC(N)=O)cc1,6.35602642712972
C=CCCCCCC=CCCCCCCCCCCCCCCCCCCCCCCCOC(=O)c1cnccn1,9.179108522350369
CS(=O)(=O)Nc1ccc2c(c1)s/c(=N/C(=O)c1ccc3ncsc3c1)n2CC(=O)c1ccc(CCOC(=O)CCCCC(=O)O)cc1,2.0107613958830113
CCCCCCC(=O)OCC=CCCCCCCCCCCCCCCCCCOCCCOC,6.834589104631489
CC#Cc1ccc(C(=O)CC(CC(=O)c2ccc(C=CSCC(=O)O)cc2)C(=O)OCC=CCCCCOCC)cc1,2.9510976196697865
CCC(C)SSC(C)CC(C(=O)NCC(=O)OCC(C)C)N(Cc1ccccc1)Cc1ccccc1,2.6214084927954735
CCCCCCCCCCCCOC(=O)C=C(C)CCC=C(C)CCC=CCCCCC=CCCCCCSCC,9.752957059288928
Cc1cccc(-n2cccc2/C=C2/NC(=O)N(CC(=O)c3ccc(F)cc3)C2=O)c1C,1.4647060576708135
Cc1ccc(N2C[C@]3(CCN(C(=O)C4(F)CC4)C3)CC2=O)cc1,-1.2519225494279356
Cc1ccccc1NC(=O)CCCCC(=O)NNS(=O)(=O)c1ccccc1,0.576169341805703
CCc1ccc(CC(=S)N2CCC(NC(=O)c3cn(CC)c4nc(C)ccc4c3=O)CC2)cc1,1.4217903498846791
O=C(Cc1ccc(Cl)cc1)NCCCNC(=O)c1cccs1,1.0293898296264308
C=CCN(CC=C)C(=S)NC(=O)c1coc(COC(=O)NCCCC(=O)OC=C)n1,-1.1502625406158558
Cc1ccc(CN(Cc2cccs2)C(=O)CNCC(=O)C(C)(C)C)cc1,1.4321462797671112
CCCCCCCCCCCCCCCCCCCC(=O)NC1CCS(=O)(=O)CC1,4.432510761537309
C=CCCOc1cccc(N(CCCCC(O)CCCCC)CCOC)c1,2.31133700120866
CC(=O)C=C(C)NCCNC(=S)Nc1cccc2ccccc12,0.9130313512865218
CCCCC=CCCC=CCCCCCCCCCC(CC)CO[PH](=O)OCC(CC)CCCC,7.0490762439765025
CCCCCCCCCCCCCCCCCCCCCCCCCCOCC(=O)C(F)(F)F,8.260150041833244
CC(=O)c1ccccc1Nc1nc2c(S(=O)(=O)c3ccc(COc4ccccc4C(=O)OCC(=O)c4cccs4)cc3)nnn2c2ccccc12,3.7316317161155013
NS(=O)(=O)c1ccccc1C(=O)[C@H]1C(c2ccc(C=C(C(=O)O)c3ccccc3)cc2Nc2cccc(Cl)c2Cl)=NO[C@@]12C(=O)Nc1ccccc12,2.5432967116588
CCCCCCCCCSCCCCCCC(=O)c1cccnc1SCC1(c2ccc(C)cc2)CC(=O)C(Sc2ccccc2)C(=O)O1,6.640416015893378
CCCCC=CCCCCCCCCCCCCCCCCCC=CCCCCC=CC(=O)N(C1CCOCC1)C1CC1,9.212678606174466
CCCCCCNCCCCCCCCCCCCCC=CCCCCCCCC(=O)N1CCC2(CC1)c1nc[nH]c1CCN2C(=O)CC,6.413282941151799
CCN(CC)CC(=O)NC(C(=O)NC(CO)CCSC)C(C)C(C)O,-3.717995717704834
CCCCN(CCCCCCCCCCCCCCC(=O)NOC)C(=O)OCC(=O)N(CC)CCO,2.0773699278558198
COc1ccc(C(c2ccccc2)(c2ccc(C)cc2)N2CCCC2)cc1,2.9415918435814756
CN(Cc1ccccc1)S(=O)(=O)c1cc(N)ccc1N,-0.30858418699983003
COc1cc(C=C2C(=O)CC(C)(C)CC2=O)cc(OC)c1OC(C)=O,0.46640467656733176
CC(=O)COC(=O)COCC(=O)OCC(=O)Nc1ccccc1C1CC1,-1.0847429510021236
NCCOc1ccc(Cl)cc1S(=O)(=O)NCCSCCCSCCS,-0.09357936804477296
CCCCC#CCCCCCCCCCNC(=O)CS(=O)(=O)c1ccc(Cl)cc1,3.1209641591542017
CCC(CC)C(=O)N1CCC(NC(=O)NCCCCC#CCCCCCC(=O)O)CC1,1.2619891345938923
CCOC(=O)C(C(C)=O)C(c1ccccc1)C(C(C)=O)C(=O)OCC=C(C)CO,-1.4631255012297655
CCCCCCC=CCCC=CCCCCCCCC(O)Cc1ccc(OC)c(OCc2ccc(OC)cc2)c1,6.717874790877637
CCCCCCCCCCCCCCCCCCCCCCC(=O)N(C)[C@@H]1CC[C@@](CNC(C)=O)(c2ccccc2)CC[C@@H]1O,5.28854489648744
CC(O)CCCCCCCCCC(=O)NCc1ccc(-c2ccc(SCCC(=O)O)cc2)cc1,3.731021070598948
CCCCCCCCCCCCCCCCCSc1ccc([C@H]2C3=C(CC(C)(C)CC3=O)Nc3onc(C)c32)cc1,7.640748564640768
CCCCCC=CCC=CCCCCCCCCC=CCCC=CCCCCCCCCC(=O)OC(C)C,9.30809481092946
C=CCNCCCCCCCCCCCCCCCCCCCCCCCCCCCC(=O)CCl,8.306368124319595
CCCCCCCCCCNCCCCCC=CCCCCCCCCCCCCSS(C)(=O)=O,7.176735329631789
CCN(CC)C(=O)CCCC(=O)N1CCC[C@@H]1C(O)(c1ccccc1)c1ccccc1,1.074780987716009
CC(C)CCCCCCCCCC=CCC=CCCC=CCCCCCCCCCCCN,8.288391586217642
CCCCCC(=O)OCC(COC(=O)CN1C(=O)N[C@]2(C[C@@H](C)CC(C)(C)C2)C1=O)OC(=O)CCCCCCCCCCC(C)O,1.4519475636999362
CCOc1cc(C)c(S(=O)(=O)NCCCCCCCCCCCSC)cc1C(C)C,4.240134011747454
CCCCCCCCCCC(NC(=O)CSCC(=O)Nc1cccc2cccnc12)C(=O)OCCCCCN=C=O,2.7090588123591663
C=C(Br)CNC(=O)CCCCCCCC=CCCCCCCCCC(=O)OCCCCCCCCCCC,7.795911668963559
CC(C)CC(=O)CC(C)c1ccc(OCCCCCCCCCCCCCCCCCCC(=O)OC(C)C)cc1,7.7637767755728255
CCCCC(Sc1sc(=S)sc1S[C@@H](C)C(=O)NCCCCCCCCCCCCCCCCC(C)=O)C(=O)O,6.48537800683464
C=CCCCCCCCCCCCCCC(=O)Nc1cccc(NC(=O)C2CCC(N3C(=O)[C@@H]4[C@H](C3=O)[C@@H]3C=C[C@H]4[C@@H]4C[C@H]34)CC2)c1Cl,4.044628004761305
CCCCCCCCCCCCCCCCC=CCCCCCCCCCC(=O)N[C@@H]1CCN(c2ccc3nncn3n2)C1,6.382141088703607
C#CCCCCCCCCCCCCCCCCCCCCCNC(=O)CCN1CCS(=O)(=O)c2c(F)c(F)nc(F)c21,4.759481109089531
CCCCCCC=CCCCCCCCCCCCCCCCC(NC(=O)OCc1ccc(Cl)c(Cl)c1)C(=O)O,8.061575202716245
Cn1cc(C(=O)N2CCC(NC(=O)CNC(=O)OCc3ccccc3)CC2)ccc1=O,-1.2247460112947057
Cc1ccc(C(=O)NCCNC(=O)c2c(F)cccc2Cl)o1,0.47812577269975076
CC(=O)OCCN1C(=O)S/C(=C\c2ccc(OCc3ccc(F)cc3)c(Br)c2)C1=O,2.4491957474815917
CC(C)=CCCC(C)=CCOC(=O)CCSc1ccc(C)cc1,3.2556326308723245
CCCCCCCCCCCCC(=O)NCc1ccc([C@H](O)c2ccsc2)s1,3.932914170742773
CC(=O)CCCC=CCCCCCCCCCCCCCCCCCCCCCCCCCCl,9.658108856755662
CC(C)CN(CC(C)C)C(=S)NC1CCN(CCCCCCCCCCCCCCC(=O)OC(C)(C)C)CC1,5.630376993225413
CCCCCCCCCCC=CCCCCCCCCSCCCCCCCSc1nnc2c3ccccc3n(C)c2n1,9.136162546072555
CCCCCCCCCCCCCCCCCCCC(C(=O)OCCCC)C(=O)OCCCc1ccccc1,7.324651714650956
CCC(CCCCCCCSCCCCCCC(=O)O)COC(=O)CCCCCNC(=O)c1ccccc1Br,5.346817581349715
CC(C)N(Cc1ccccc1)C(=O)CC(=O)N1CCCN(CC(N)=O)CC1,-2.431878269530328
CCCCCCCCCC#CCCCCCCCCCCCNCCCCC(=O)c1ccccc1NC(=O)[C@H]1CCCN(C2=NS(=O)(=O)c3ccccc32)C1,6.772028766300112
CCCCCCCCNCCCCN1CCC[C@]2(CCN(C(=O)CCCCCCCCCCCCCCCCC(C)=O)C2)C1=O,5.625421819564366
COc1cccc(C(=O)OCC#CCOC(=O)c2cccc(NC(C)=O)c2)c1,0.4371521437501906
Cc1ccc(CNCCC(=O)N[C@H](c2ccncc2)c2ccccc2C)cc1,1.5592447690333655
C=CC(=O)N1CCc2nc3cc([C@@H]4CCCCN4C(=O)c4cccc(CNC(=O)CCCCCCCC=CCCCCCCCCCCCCBr)c4)nn3c(O)c2C1,6.415166847097355
CCn1nc(Cc2ccccc2OCCC(=O)O)nc1CN1CCCCC1=O,-0.344025813893432
CCCP(=O)(CCC(=O)O)CCP(=O)(c1ccccc1)c1ccc(C)cc1,0.9037843008578355
CCCCCCCCCCCCCCCCCCCCC(=O)NCc1n[nH]c2c1CCCCC2,5.228321984500065
CCCCCCCCCCCCCCCCCCC(=O)NCCC(=O)NCCCN(C)C,4.067909981028982
CCCCCCCCC=CCCCCCCCCCOc1ccc(Cl)cc1N(CC(=O)N1CCC(C)CC1)Cc1ccc(C)cc1,8.884582201445097
C=CCCCCOC(=O)c1c(NCCCCCCCCC=CCCCCCCCCCCCCO)c2ccc(Cl)cc2[nH]c1=O,7.669542754302482
CCCCCCCC=CCC=CCC=CCOC(=O)c1ccc(Cn2cc(/C=C3/NC(=O)N(CCC(=O)c4ccc(CCNC)cc4)C3=O)c3ccccc32)o1,5.642260561039297
C=CCCCCCC=CCCCCCC=CCCCCC=CCC=CCCCCCCC(=O)OCC,8.270229827309787
CCCCCCC=CCCC=CCCCCCCCCCCC=CCCCCCCCCCCCC,11.541206878516075
CSCCCCCCCCC=CCC=CCCCCCCCCCCC(=O)c1cn([C@@H](Cc2ccccc2)C(N)=O)cc2c(=O)[nH]nc1-2,5.802979541160303
CCCCCCCCCCCCCCC=CCCCCCCCCCNC(=O)[C@H]1CN(S(C)(=O)=O)c2cc(CCCC)ccc2O1,7.083068263498039
CCCCCCCCCCCCCSCCCCCCCCCCOC(=O)CNC(=O)OCc1ccccc1,7.134480636950103
CN(CCOc1cccc(Cl)c1)C(=O)c1ccccc1OS(=O)(=O)c1ccccc1,2.1432947455423568
CCOC(=O)CCCCNCc1cc2n(n1)CCCN(C(C)=O)C2,-2.0819617632660368
CC(=O)Nc1cccc(CNC(=O)c2nccnc2C(=O)N2CCCCC2)c1,-0.1931875446626612
CCCCc1ccc([C@@H]2[C@H]3CCCC[C@@]3(O)CCN2C(=O)CCOC=O)cc1,0.19876439042169913
CC(C)=CCCCCCCC=CCCCCCCCCCCCCCCCCCCCOC(=O)c1cnccn1,8.746636043800654
CC=Cc1cccc(-c2c(NC(=O)CCCC=CCC=CCC=CCCCCCCCCCCC(C)=O)n(C)c3ccccc3c2=O)c1,8.041326626901231
CC(=O)OCCCC=CCC=CCCCCCCCCCCCCCCCCCCSCCC(C)C,8.458838452666864
CCC=CCCCCCCCCCC=CCCCCC=CCC=CCC=CCC=CCCCCCCCCC,11.444209234439958
CC(C)CCCCCCCCCCCCCCCCCC=CCCCCCCCCCC(=O)O,9.206126652393012
CC(=O)Oc1cc(OCCCCCCCCCCCCCCC=O)ccc1C=CC=O,3.8820714044356377
C=CCc1cccc(C[C@H]2C(=O)Nc3ccc(Br)cc32)c1OC,1.4027244933849197
CC(=O)Oc1ccc(N/C=C2/C(=O)N(OCc3ccc(Cl)cc3)C(=O)c3ccccc32)cc1,2.3839781035380536
O=C(N[C@H]1CCSc2ccccc21)c1cccc(S(=O)(=O)NCCc2ccccc2)c1,1.5506793793243991
COCc1nc2n(n1)CCC[C@@H]2NS(=O)(=O)N1CCC(C=CC(C)C(C)C)CC1,-1.3785499066886207
CCCCCCCCCCOC(=O)C=CC(=O)OCCCCCC,3.2660420407132156
CC(=O)CCCCCCCCC(=O)N(Cc1ccccc1C)[C@H](C)C(=O)c1ccccc1,3.6031921097616335
C=CCCCCCCCCCCCCCCCC=CCCCCCCCC(C)C,8.784994559001554
C=CCCCC=CCC=CCC=CCCCCCCCCCCCCCCCCCCCCCCCN,9.817241055717258
CC(CCO)CCCCCCCCCCCCCCCCCCCCCCCCCOc1cccc(-n2cncn2)c1,7.939219503857691
C=CCCCCCCCCCCCCCCCCCCCCCNCCCCCCC(C)C,9.004647272246833
CCCCCCCC=CCCCCCCCCCC(O)CCCCCCCCCCCOC,7.542239967014828
CCCCCCCCCCCCCCCCCCCCC=CCC=CCCCCCC(=O)OC,8.659532227635287
CCCCCCCCCC=CCCC=CC=CC=CC=CC(=O)O[C@@H]1CC[C@@H](N(C)C(=O)c2noc3c2CCCC3)[C@H]1O,3.2716427966451125
CC(=O)CCCCCCCCCCCCCCC=CCCCCCCCCCCCC(=O)Nc1cccc(Cl)c1,9.668903989117934
C=CCCCCCCCCCCCCCCCC=CCCCC(=O)Nc1ccc(C(CC(=O)O)c2ccc(Cl)cc2)cc1,8.548070309251793
CCCC(=O)OCC(C)OC(=O)CCCCCCCCCSCCCCCCCCCSCC,5.445467620955806
CCCCCCCCCCCC=CCCCCCCCCCCCCCCCN=Cc1ccc(OCCC)cc1,10.239968179069468
CCOc1cccc(C(=O)Nc2ccc(-n3cncn3)c(F)c2)c1,1.0580768950066393
C=C(C)CCC(=O)OC(=O)CCCCCCCCCCCC(=O)c1ccc2c(c1)C(C)(C)CC(=O)N2C,4.3585130101314435
CCOC(=O)C(CC(C)=O)CC(=O)OCC(=O)N1CCc2cc(OC)c(OC)cc2C1,-1.2569235166032044
C[C@@H](CC(=O)N1CCc2c(nc(-c3ccccn3)[nH]c2=O)C1)c1ccccc1,-0.06698411985552433
CCCCCOC(=O)C=Cc1ccc2c(c1)OCO2,1.1044309166153434
NCCCNCCCNCCCCCCCCCC#CCOc1ccc(F)cc1,1.7602744449946144
COC(=O)C1CCN(C(=O)CCCCCCCCCCCCCC(=O)OC(C)C)CC1,3.1614732194745327
C=C(C)CCCCC(=O)c1ccc2nc([C@H](C)NC(=O)Cn3nc(C)c4ccccc4c3=O)[nH]c2c1,1.6829983573172669
CCOC(=O)CN(C)C(=O)C(=O)OCCCCCCCCCCCCCCOC(C)=O,1.3359252767196077
CCC(=O)CCCN(CCCCO)C(=O)c1sc2ncnc(NCC(=O)c3ccc(C)cc3)c2c1C,1.7932171631947362
CCCNCCCCCCCC#CCCCCCCCCCCCCCCCCSCCS,7.089100882948193
C=CCCCCCCCCCC=CCCCCCCCCCCOc1ccccc1NC(=O)C1=C(C)Nc2nc(-c3cccs3)nn2[C@H]1c1cccc(O)c1,8.921495142912613
CCCCCCCCCCNCCCCCCC=CCCCCCC(=O)Nc1ccccc1F,6.6227119145699955
CCCCCC=CCCCCCCCCCCCCCNS(=O)(=O)c1cc(-c2nc(C#N)c(N[C@@H](C)c3ccccc3)o2)oc1C,6.82808784391762
CCC=CCCCCCCCCCCCCCCCCCCC(=O)Nc1sc(Cc2ccccc2)c(C)c1C(=O)CCC,9.747870551387026
CCC(=C(c1ccccc1)c1cccc(OC(C)=O)c1)c1ccc(CC(=O)c2ccc(C(=O)CC#N)cc2OC(C)=O)cc1,4.5824997141181045
C=CCCC=CCCCCCCCCCCCCCCCCCCC=CCCC=CCCCCCC,10.981710001071232
CC(C)=CCCC(C)=CCCCCCCC=CCCCCCCC=CCCCCCCCCCC1C=CCC1,10.383145582225044
C=CCN(CC=C)C(=O)CCCCC(=O)N1CCN(c2cc(C)cc(C)c2)C(=O)C1,0.606163186909634
C#CC(O)CCCCCCCCCCCCCCCC(=O)Nc1ccc(C)cc1,4.107171655381481
Cc1nc2ccccc2n(CC(=O)OCCCCCCCCCCCC(Br)CO)c1=O,1.9303560576460823
CCCCCCCCCCCCOC(=O)c1[nH]c2ccccc2c1-c1ccc(C)cc1,6.061557834859148
CCC(=C(CC)c1ccc(OCC=CCCCCCNCCCCCCCCCCCCCCCl)cc1)c1ccc(Cl)cc1,10.19162460710815
CC(C)CCCCCCCCCCCCCCCCCCCCCCCCCCCn1cnc2c([nH]c3ccc(F)cc32)c1=O,10.037840116423613
CC(C)CCCCCCCCCCCCCCCCCCCCNC(=O)c1sccc1S(=O)(=O)N1CCN(c2ccccc2C(C)C)CC1,8.331876762090365
CCCCC=CCCCCCCCCCCCCCCC=CCCCCCSC(=O)c1ccc(CCOC)cc1,9.253088706522547
C=CCCCCCCCCCCCCCCCCCCCCCCCCC(=O)NCCc1ccc(CCC)cc1,9.47680468493649
CCCNCCCCCCCCCC=CCCCCCCCCCCCCCCCCCCCCCCCCSc1ccccc1,12.868568879341089
CCCCC=CCCCCCCCCCCCCC(=O)c1c(C)[nH]c(CN(Cc2ccc(C(C)=CC(=O)O)cc2)C(=O)c2cccc(C)c2)c1C,8.710716323650805
CCCCCCCCCCCCCSCCCCCCCNCCCCNC(=O)C(F)(F)F,5.492558790935769
CCCCN(CCCC=CCC=CCCCCCCCCCCCCCCS)S(=O)(=O)N1CCC[C@@H](c2cnn(C)c2)C1,5.51834611570342
CCCCCCCCCCCCCCCCCCCCCCCCCCCCCCC=CC(=O)O,9.901512807666409
CCCCCCCCCCCCSCCCCCCCCCCCCCCCC(=O)NCCc1ccccc1,9.09186804902966
CCCCCCCCCCCCNCCCCCCCCCCCCCCCC(=O)NCc1ccccc1,8.071585189035474
CC(C)CCCCCCCCCCCCCC=CCCC=CCCCCCCCSSCCC(C)C,10.691592865985498
CC(=O)CCCCCCCCCCCCCCCCCCCC=CCCCCCCCCC=CI,10.18835207913212
CCCCCCCCC=CCCCCCCCCCCCCCCCCCCC(=O)Nc1c[nH]nc1-c1ccccc1F,9.610511806261187
CCCCCCCCC=CCCC=CCCCCCCC=CCCCCCCCC(=O)c1ccc2c(=O)n(CCCCC)c(=O)[nH]c2c1,9.212523785294914
CCCCC=CCCCCCCCCCCCCCCC=CCCCCC=CCCCCCCC,11.151855479091854
CCCCCCCCCCOC(=O)CNc1ccccc1I,3.3206282911648968
CCCS(=O)SCCCCCCCCCCCCCCCC(NC(=O)[C@@H](C)Sc1cc(C)c2ccccc2n1)C(=O)O,4.969527412357408
CN(Cc1ccc(SCCCCCCC=CCC=CCC=CCCCCCCBr)cc1)C(=O)[C@H]1OCC(=O)N(C2CC2)[C@@H]1c1cccnc1,5.8043228455569995
CC(C)C(N)C(=O)OC(=O)c1ccc(C2(c3ccc(CC(CC(=O)O)C(=O)O)cc3)CC2C(=O)N2CCc3ccccc3C2)cc1,-0.11580963093946206
CCCCCCCCCCCCCCCCCCCCC=CCCCCCCCNC(=O)Cn1nc(-c2cccs2)c2ccccc2c1=O,9.675464152200243
CCCCCCCCCCCCC(NC(=O)C=CCC(C)CCCCCCCCCC)C(=O)O,5.796515920272841
CCCCCCCCCCCCCCCCCCCC(O)CCCCCCCCCCCl,8.690014235707741
CCCCC=CCCCCCCCC=CCCC=CCCCCCCCCCCCCC(=O)NCc1ccccc1,9.693680312411159
CCCCCCCCCCC=CCCC=CCCCCCCCCCCCCCCCC(=O)Nc1ncc(F)cn1,9.02754102711833
CCC=CCCCCCCCCCCCCCCC=CCOc1ccc(NC(=O)c2cccc(NCCCCC(=O)OCC)c2)cc1,8.645664443085508
COc1ccc(CNC(=O)CCCC=CCCCCCCCCCCCCCCCCCC(=O)NCCc2c[nH]c3ccccc23)cc1,7.786697928402701
CCCCCCC=CCCCCCCCCCC=CCCCCCCCCCCCCCCCCCl,11.50266921939178
SCCCCCCCCCCCCCCCCCC=CCCCCCCCCCCCCCOc1ccccc1,11.14234408411324
CCCCC=CCCCCCCCCCCC(=O)c1ccccc1-n1nc(-c2nc([C@H]3CCOC3)no2)c2c1CCC2,5.195671364899887
C=CCCC=CCCCCCCCCCCCCCCCCCOC(=O)C=CSc1ccc2c(c1)oc1ccccc12,9.479077041278275
CCCCCCCCC=CCCCCCCC(=O)Nc1ccccc1-c1ccccc1NCCCCCNC,7.201000879865081
CCCCCCCC=CCC=CCCCCCCCCCCCCOC(=O)c1[nH]c2ccc(O)cc2c1/N=N\N1CCCC(C)(C)C1,8.798050377953551
CCNCCCCCCCCCCCCCCCCCCCCCCCCCC(=O)OCc1ccccc1,8.456215958266238
CCCCC=CCCCCCCCCCCCCCCCCCCCCCCCNCCc1c[nH]c2ccccc12,10.013469210100055
C=CCN(CC=C)C(=O)CCCCCCCCCCCCCCCCCCC=CCCC=CCCCCC,8.940184700495955
CCCCCC=CCC=CCC=CCCCCCCC=CCCC=CCCCCC(=O)SCc1ccccc1,9.142690839379235
CCCCCCCCC=CCCCCCCNCCCCCCCCCCNC(=O)Cc1ccccc1,6.918095645359136
CCCCCC=CCCCSCCCCCCCCCCCCCCCCCCCCCCS(=O)(=O)c1ccccc1,10.263588251859487
CCCCCCCCCCCCCCCC=CCCC=CCCCCCCCCCCCC(=O)O,9.432505630437111
CCCCCCCCCCCC=CCCCCCCCCCCCCCCOC(=O)c1cnn(-c2ncc3c(n2)-c2ccccc2CC3)c1C,9.36750769897588
CSCCC(NC(=O)CCCCCCCCCC=CCCCCCCCCCCCC(C)=O)C(=O)O,5.243044344504226
CC(C)CN(CC(C)C)C(=S)NC1CCN(CCN(CCCCCCCCCCC=CI)CCNC(=S)S)CC1,4.229795595787152
CCCCCCCCCCCCCCCCCC#CCCCCCCCCNC(=O)C(F)(F)F,7.1676191643564025
NCC(=O)NCCCCCCCCCCNCCCCCCCCCCCCCCCCCCBr,6.141713462507482
CCCCCCCCCCCCCCCCCCC(=O)OCC(=O)N1[C@H]2CC[C@@H]1C[C@]21CC(=O)c2ccccc2O1,3.448870755507671
CCCCC=CCCCCCCCCCCCCCCCCOc1cccc(-c2noc(CN3C(=O)COc4ccc(Cl)cc43)n2)c1,8.375083989993692
CCCCCCCCCCCCC=CCCC=CCC=CCCCC(=O)c1c(NC(=O)CN2C(=O)c3ccccc3C2=O)sc2c1CC[C@@H](C(C)(C)C)C2,8.813800984140352
CCCCCCCCCCOC(=O)C(CCC(=O)OC(C)CC(C)C)NC(=O)CCC(C)=O,2.0887726019131208
