SMILES,REWARD
O=[N+]([O-])OCc1ccc(S(=O)(=O)NCCSS(=O)(=O)c2ccc([N+](=O)[O-])c([N+](=O)[O-])c2)c([N+](=O)[O-])c1,6.87
O=[N+]([O-])CCc1ccc(S(=O)(=O)c2ccc([N+](=O)[O-])cc2[N+](=O)[O-])c([N+](=O)[O-])c1,8.22
O=C1NC(=O)N(c2ccc(-c3c([N+](=O)[O-])no[n+]3[O-])cc2)C(=O)C1=Cc1cc([N+](=O)[O-])ccc1Oc1ccc([N+](=O)[O-])cc1[N+](=O)[O-],9.81
O=C1CN(C(=O)c2ccco2)C(Cc2ccccc2)CN1c1cccc([N+](=O)[O-])c1,7.82
O=C(Nc1ccc([N+](=O)[O-])cc1[N+](=O)[O-])C(Cc1ccccc1)N1C(=O)c2ccccc2C1=O,7.93
CN(C(=O)Cc1ccccc1[N+](=O)[O-])C1CC2CNC(=O)CC2C1,6.95
O=[N+]([O-])OCc1cccc(S(=O)(=O)C(Br)S(=O)(=O)c2cccc([N+](=O)[O-])c2)c1,7.11
O=[N+]([O-])C=Cc1ccc(S(=O)(=O)c2ccc(S(=O)(=O)Oc3ccc([N+](=O)[O-])cc3[N+](=O)[O-])cc2[N+](=O)[O-])c([N+](=O)[O-])c1,8.87
CC1=CC(C)(C)N(C(=O)Cc2ccc(N[N+](=O)[O-])cc2)c2cc([N+](=O)[O-])ccc21,7.03
O=[N+]([O-])C=Cc1ccc(S(=O)(=O)c2ccc(CO[N+](=O)[O-])cc2[N+](=O)[O-])c([N+](=O)[O-])c1,8.61
O=[N+]([O-])c1cc(C=Cc2ccc([N+](=O)[O-])cc2[N+](=O)[O-])cc(S(=O)(=O)Nc2ccc([N+](=O)[O-])cc2[N+](=O)[O-])c1,9.45
O=[N+]([O-])Nc1ccc(S(=O)(=O)C(=CNc2cccc([N+](=O)[O-])c2)[N+](=O)[O-])cc1,7.42
O=C(Nc1sc2ccccc2c1C(=O)Oc1ccc([N+](=O)[O-])cc1[N+](=O)[O-])c1ccc([N+](=O)[O-])c([N+](=O)[O-])c1,8.02
O=C(NCS(=O)(=O)c1cccc([N+](=O)[O-])c1)c1cc2cc([N+](=O)[O-])ccc2oc1=O,7.96
CC(N)Cc1nc2sc3c(Cl)ncnc3c2c2c1CCC2,5.38
O=C1C2C3c4ccccc4C(c4ccccc43)C2C(=O)N1c1ccccc1[N+](=O)[O-],6.91
O=C(c1ccccc1[N+](=O)[O-])N1CCOCC1c1nccc([N+](=O)[O-])n1,6.62
O=C(NS(=O)(=O)c1cc(CC[N+](=O)[O-])ccc1[N+](=O)[O-])c1cc(=O)c2cc([N+](=O)[O-])c([N+](=O)[O-])cc2o1,8.45
O=C(Nc1ccccc1[N+](=O)[O-])C(=O)c1c(-c2ccc(-c3c([N+](=O)[O-])no[n+]3[O-])cc2)cc2ccccn12,7.51
O=C(c1csc(Cc2ccccc2)n1)N1CCCC1c1cccc([N+](=O)[O-])c1,6.55
O=C(Cn1c(=O)n(Cc2cccc([N+](=O)[O-])c2)c(=O)c2sccc21)Nc1cc([N+](=O)[O-])cc([N+](=O)[O-])c1,7.31
O=[N+]([O-])c1ccc(Sc2ccc([N+](=O)[O-])cc2[N+](=O)[O-])c([N+](=O)[O-])c1,7.8
O=[N+]([O-])c1no[n+]([O-])c1-c1ccc(S(=O)(=O)c2no[n+]([O-])c2S(=O)(=O)c2ccccc2)cc1,8.51
O=[N+]([O-])C(=Cc1ccc(S(=O)(=O)c2ccc([N+](=O)[O-])cc2[N+](=O)[O-])c([N+](=O)[O-])c1)[N+](=O)[O-],8.84
O=[N+]([O-])C=Cc1ccc(S(=O)(=O)c2ccc(CC[N+](=O)[O-])cc2[N+](=O)[O-])c([N+](=O)[O-])c1,8.66
O=[N+]([O-])C=Cc1ccc(OP(=O)(c2cccc(CO[N+](=O)[O-])c2)c2cccc([N+](=O)[O-])c2)c([N+](=O)[O-])c1,7.77
O=[N+]([O-])Nc1ccc(-c2no[n+]([O-])c2S(=O)(=O)c2ccc(C3OOC(c4ccc([N+](=O)[O-])c([N+](=O)[O-])c4)OO3)cc2)cc1,7.79
O=[N+]([O-])c1cc(S(=O)(=O)N(c2ccccc2)S(=O)(=O)c2ccc([N+](=O)[O-])c([N+](=O)[O-])c2)ccc1Cl,7.41
CC(C(NC(=O)c1cccs1)c1nnc(SCCNS(=O)(=O)c2ccc([N+](=O)[O-])c([N+](=O)[O-])c2)n1C)[N+](=O)[O-],5.88
O=[N+]([O-])c1cc(OS(=O)(=O)c2ccc(-c3c([N+](=O)[O-])no[n+]3[O-])cc2)cc([N+](=O)[O-])c1,7.82
C=CCNC(=O)C1(Cc2cccc(Oc3ccccc3[N+](=O)[O-])c2)CCN(c2ccc([N+](=O)[O-])cc2)CC1,7.42
O=[N+]([O-])C=Cc1ccc(S(=O)(=O)c2ccc(CC[N+](=O)[O-])cc2[N+](=O)[O-])c([N+](=O)[O-])c1,8.82
O=[N+]([O-])CCc1ccc(S(=O)(=O)c2ccc([N+](=O)[O-])cc2[N+](=O)[O-])c([N+](=O)[O-])c1,8.03
O=C(NNS(=O)(=O)c1ccc(-c2no[n+]([O-])c2Br)cc1)C1CC(=O)N(c2n[nH]c3cccc([N+](=O)[O-])c23)C1,7.89
O=[N+]([O-])OCc1ccc(S(=O)(=O)N=C(NS(=O)(=O)c2cc([N+](=O)[O-])ccc2Cl)c2ccccc2)c([N+](=O)[O-])c1,9.84
O=[N+]([O-])c1ccc(S(=O)(=O)c2c(S(=O)(=O)c3ccccc3)no[n+]2[O-])cc1[N+](=O)[O-],8.19
O=Nc1cc(C2CCCN2C(=O)c2ccco2)ccn1,6.16
CCSc1cc(N2CCc3ccccc3C2)nc(Oc2cc([N+](=O)[O-])cc([N+](=O)[O-])c2)n1,7.44
Cn1c(=O)c2c(nc(N3CCN(S(=O)(=O)c4c(Br)cc([N+](=O)[O-])cc4[N+](=O)[O-])CC3)n2C)n(C)c1=O,7.92
O=[N+]([O-])OCc1ccc(S(=O)(=O)c2ccc(S(=O)(=O)C(Cl)(Cl)Br)cc2[N+](=O)[O-])c([N+](=O)[O-])c1,8.6
O=[N+]([O-])CCc1ccc(S(=O)(=O)N=C(NS(=O)(=O)c2ccc([N+](=O)[O-])cc2[N+](=O)[O-])c2ccccc2)c([N+](=O)[O-])c1,8.27
O=c1c2ccccc2nc(-c2cc3ccccc3o2)n1N=Cc1cc([N+](=O)[O-])c([N+](=O)[O-])cc1[N+](=O)[O-],7.31
O=[N+]([O-])CCc1cccc(NC(=NS(=O)(=O)c2ccc(CO[N+](=O)[O-])cc2[N+](=O)[O-])c2ccncc2)c1,8.45
O=[N+]([O-])C=Cc1ccc(Nc2cc([N+](=O)[O-])c([N+](=O)[O-])cc2[N+](=O)[O-])c([N+](=O)[O-])c1,8.24
O=[N+]([O-])c1ccc([N+](=O)[O-])c(-c2n[nH]c(C3CCCCC3)n2)c1,7.17
CC12CCC(=O)C=C1CCC1C2CCC2(C)C(C(N)=O)CCC12,7.02
O=C(Nc1ccc(CO[N+](=O)[O-])cc1)N1CCCC1c1cc(CC[N+](=O)[O-])on1,7.64
O=[N+]([O-])c1cc2c(cc1C(Sc1ccccc1)Sc1ccccc1)OCO2,6.0
O=C(c1ccco1)N1CCOC(c2nnn3cc(-c4ccc(-c5no[n+]([O-])c5[N+](=O)[O-])cc4)ccc23)C1,8.71
O=[N+]([O-])CCc1ccc(S(=O)(=O)c2ccc([N+](=O)[O-])cc2[N+](=O)[O-])c([N+](=O)[O-])c1,8.41
Cc1oc2ccc([N+](=O)[O-])cc2c1C(=O)OCC(C)([N+](=O)[O-])[N+](=O)[O-],6.5
O=[N+]([O-])C=Cc1ccc(S(=O)(=O)c2ccc(CC[N+](=O)[O-])cc2[N+](=O)[O-])c([N+](=O)[O-])c1,8.76
O=C(Nc1nc2c(s1)C(=O)NCCC2)c1cc([N+](=O)[O-])ccc1Cl,6.99
O=[N+]([O-])C(=Cc1cc([N+](=O)[O-])c(OCc2cc([N+](=O)[O-])cc([N+](=O)[O-])c2)c([N+](=O)[O-])c1)[N+](=O)[O-],7.74
Cc1ccc2cc(C(=O)Nc3ccc(N[N+](=O)[O-])cc3)oc2c1,6.03
O=C1CCCC2=C1C(c1c[nH]c3ccccc13)n1ncnc1N2,5.79
CC1(C)C2CCC13CS(=O)(=O)N(C(=O)CS(=O)(=O)c1ccc(-c4c([N+](=O)[O-])no[n+]4[O-])cc1)C3C2,8.31
O=C(C=Cc1ccc([N+](=O)[O-])cc1[N+](=O)[O-])c1cc([N+](=O)[O-])cc([N+](=O)[O-])c1,8.9
O=[N+]([O-])c1ccc(S(=O)(=O)c2ccc([N+](=O)[O-])cc2[N+](=O)[O-])c(OS(=O)(=O)c2ccc([N+](=O)[O-])cc2[N+](=O)[O-])c1,8.86
O=S(=O)(N=Cc1ccc(Cl)cc1)c1ccc(P(Cl)Cl)cc1,6.42
O=[N+]([O-])c1cc(C2OCCCO2)cc([N+](=O)[O-])c1S(=O)(=O)c1ccc(-c2no[n+]([O-])c2[N+](=O)[O-])cc1,9.62
O=[N+]([O-])Nc1ccc(C2OCC([N+](=O)[O-])([N+](=O)[O-])CO2)cc1,6.7
O=C(NCc1cccnc1Oc1ccc([N+](=O)[O-])nc1)c1cccc([N+](=O)[O-])c1,6.29
CN(NS(=O)(=O)c1cc([N+](=O)[O-])c([N+](=O)[O-])cc1[N+](=O)[O-])S(=O)(=O)c1ccc(Br)cc1,6.86
O=[N+]([O-])c1ccc(S(=O)(=O)c2ccc(-c3no[n+]([O-])c3[N+](=O)[O-])cc2)c([N+](=O)[O-])c1,9.43
O=C(CN1C(=O)CCC1=O)N=c1sc2ccc([N+](=O)[O-])cc2n1Cc1ccccc1,6.22
CS(=O)(=O)N1CCn2nc(CC(O)c3ccc([N+](=O)[O-])cc3[N+](=O)[O-])cc2C1,7.34
Nn1c(SCC(=O)Nc2cc([N+](=O)[O-])cc([N+](=O)[O-])c2)nnc1-c1cc(-c2ccc(N[N+](=O)[O-])cc2)n[nH]1,6.89
O=[N+]([O-])CCc1ccc(S(=O)(=O)c2ccc(Cl)cc2[N+](=O)[O-])c([N+](=O)[O-])c1,8.04
O=[N+]([O-])CCc1ccc(S(=O)c2ccc([N+](=O)[O-])cc2[N+](=O)[O-])c([N+](=O)[O-])c1,7.97
O=[N+]([O-])C(=Cc1ccccc1)C(=Cc1ccc(S(=O)(=O)c2c([N+](=O)[O-])cccc2[N+](=O)[O-])cc1)[N+](=O)[O-],8.25
O=[N+]([O-])c1ccc(Sc2ccccc2NS(=O)(=O)c2ccc([N+](=O)[O-])cc2[N+](=O)[O-])c([N+](=O)[O-])c1,8.8
O=[N+]([O-])CCc1cccc(C2OOC(c3ccc(-c4no[n+]([O-])c4[N+](=O)[O-])cc3)OO2)c1,8.0
O=[N+]([O-])C=Cc1ccc(S(=O)(=O)c2c(S(=O)(=O)c3ccccc3)no[n+]2[O-])cc1,8.03
O=[N+]([O-])c1cccc(S(=O)(=O)Nc2cc(Cl)c(NS(=O)(=O)c3ccc([N+](=O)[O-])cc3[N+](=O)[O-])c(Cl)c2Cl)c1,7.62
O=C(Cn1cnc2nc(Sc3ccccc3[N+](=O)[O-])sc2c1=O)Nc1cc([N+](=O)[O-])cc([N+](=O)[O-])c1,7.62
O=[N+]([O-])C(=CNc1cc([N+](=O)[O-])cc([N+](=O)[O-])c1)S(=O)(=O)c1ccc(-c2no[n+]([O-])c2[N+](=O)[O-])cc1,8.83
CC1(c2ccc3c(c2)OCCO3)NC(=O)N(Cc2cc([N+](=O)[O-])c([N+](=O)[O-])cc2[N+](=O)[O-])C1=O,6.63
O=[N+]([O-])c1ccc(S(=O)(=O)c2ccc([N+](=O)[O-])c([N+](=O)[O-])c2)c([N+](=O)[O-])c1,8.19
O=[N+]([O-])C=Cc1cccc(S(=O)(=O)c2no[n+]([O-])c2S(=O)(=O)c2ccc([N+](=O)[O-])c([N+](=O)[O-])c2)c1,8.4
NS(=O)(=O)OC1CCN(C(=O)c2cc([N+](=O)[O-])cc([N+](=O)[O-])c2)C1,7.88
O=[N+]([O-])c1ccc(S(=O)(=O)c2c(-c3ccccc3)no[n+]2[O-])cc1,6.8
O=C(CC1CN(C(=O)c2cc(Cl)ccc2[N+](=O)[O-])CCC1Oc1ccccc1)Nc1ccc([N+](=O)[O-])cc1[N+](=O)[O-],7.74
O=C(Nc1cc(CC[N+](=O)[O-])ccc1[N+](=O)[O-])C1CCCN(c2ccc(C=[N+]([O-])c3ccccc3)cn2)C1,7.56
CN(C(=O)c1cc([N+](=O)[O-])cc2cccnc12)c1ccc([N+](=O)[O-])cn1,6.78
O=[N+]([O-])c1cccc(NC(=NS(=O)(=O)c2ccc([N+](=O)[O-])cc2[N+](=O)[O-])c2ccccc2)c1,8.89
CC1([N+](=O)[O-])COC(c2ccc(-c3ccc(Sc4ccc([N+](=O)[O-])cc4Cl)nn3)cc2)OC1,7.68
O=C(CN1C(=O)CCCc2ccccc21)Nc1ccc([N+](=O)[O-])cc1[N+](=O)[O-],7.82
O=[N+]([O-])c1cccc(P(=O)(Oc2ccc(-c3no[n+]([O-])c3[N+](=O)[O-])cc2)c2cccc([N+](=O)[O-])c2)c1,7.88
Cc1cc([N+](=O)[O-])ccc1NC(=O)c1ccc([N+](=O)[O-])c(OCc2ccccc2)c1,6.87
O=[N+]([O-])c1c(-c2ccc(S(=O)(=O)c3c(S(=O)(=O)c4ccccc4)no[n+]3[O-])cc2)no[n+]1[O-],8.67
O=[N+]([O-])c1c(-c2ccc(-c3no[n+]([O-])c3[N+](=O)[O-])cc2)no[n+]1[O-],7.73
Cc1sc2nc(-c3cccnc3)nc(NCSc3ccc(N[N+](=O)[O-])cc3)c2c1C,6.27
O=[N+]([O-])C=Cc1cccc(S(=O)(=O)NC(=NS(=O)(=O)c2ccc([N+](=O)[O-])cc2[N+](=O)[O-])c2ccccc2)c1,8.23
O=[N+]([O-])OCc1ccc(S(=O)(=O)c2ccc(S(=O)(=O)C(Cl)(Cl)Br)cc2[N+](=O)[O-])c([N+](=O)[O-])c1,8.72
O=c1c2ncccc2n(Cc2c([N+](=O)[O-])cccc2[N+](=O)[O-])c(=O)n1CCc1ccc([N+](=O)[O-])c([N+](=O)[O-])c1,7.48
O=[N+]([O-])C=Cc1ccc(S(=O)(=O)c2ccc(C=C[N+](=O)[O-])cc2[N+](=O)[O-])c([N+](=O)[O-])c1,9.05
O=[N+]([O-])C=Cc1ccc(S(=O)(=O)c2ccc(S(=O)(=O)C(Cl)(Cl)Br)cc2[N+](=O)[O-])c([N+](=O)[O-])c1,9.07
O=[N+]([O-])c1ccc(C=NOc2cccc(N=Cc3cc4c(cc3[N+](=O)[O-])OCO4)c2)c([N+](=O)[O-])c1,8.36
O=[N+]([O-])CCc1ccc([N+](=O)[O-])c(-c2cc(NS(=O)(=O)c3ccc([N+](=O)[O-])cc3[N+](=O)[O-])nc3[nH]ccc23)c1,8.45
O=[N+]([O-])c1ccc(Oc2ccc(Cl)c(S(=O)(=O)Nc3ccc([N+](=O)[O-])cc3[N+](=O)[O-])c2)cc1,7.65
O=[N+]([O-])C=Cc1ccc(S(=O)(=O)c2ccc(CO[N+](=O)[O-])cc2[N+](=O)[O-])c([N+](=O)[O-])c1,8.83
O=[N+]([O-])C=Cc1ccc(S(=O)(=O)c2ccc(CC[N+](=O)[O-])cc2[N+](=O)[O-])c([N+](=O)[O-])c1,8.83
O=[N+]([O-])c1ccc(S(=O)(=O)NNS(=O)(=O)c2ccc(-c3c([N+](=O)[O-])no[n+]3[O-])cc2)c([N+](=O)[O-])c1,7.56
O=[N+]([O-])C=Cc1ccc2c(c1)OCC(NS(=O)(=O)c1ccccc1[N+](=O)[O-])C2,7.66
O=C(Cc1cc2c(cc1Cl)OCCO2)Nc1ccc(-c2cccc([N+](=O)[O-])c2)cc1[N+](=O)[O-],7.57
CC(=Cc1ccc2c(c1)CCN2C(=O)c1ccc2nc(CC[N+](=O)[O-])sc2c1)[N+](=O)[O-],7.45
O=[N+]([O-])c1ccccc1S(=O)(=O)N(O)c1ccc(-c2no[n+]([O-])c2[N+](=O)[O-])cc1,7.39
O=[N+]([O-])c1cccc(NC(=NS(=O)(=O)c2ccc([N+](=O)[O-])cc2[N+](=O)[O-])c2ccccc2)c1,8.35
O=c1ccc2ccc(Oc3cc(Cl)c([N+](=O)[O-])cc3[N+](=O)[O-])cc2o1,7.44
O=[N+]([O-])CCc1ccc(S(=O)(=O)N2CCCn3nc(CSc4ccc([N+](=O)[O-])cc4[N+](=O)[O-])cc3C2)c([N+](=O)[O-])c1,7.67
O=C(Cn1cc(S(=O)(=O)c2ccc([N+](=O)[O-])cc2)c(=O)c2cc([N+](=O)[O-])ccc21)Nc1cc([N+](=O)[O-])cc([N+](=O)[O-])c1,7.47
COC(=O)c1sccc1S(=O)(=O)N1CC(Oc2ccccc2[N+](=O)[O-])CC1C(=O)OC,5.02
O=C(c1ccc(-c2c([N+](=O)[O-])no[n+]2[O-])cc1)N1CCc2cc([N+](=O)[O-])c([N+](=O)[O-])cc2C1c1ccccc1,7.68
CN1C(=O)CCC12CCN(S(=O)(=O)c1ccc([N+](=O)[O-])cc1[N+](=O)[O-])CC2,7.24
O=[N+]([O-])C=Cc1ccc(S(=O)(=O)c2ccc(CO[N+](=O)[O-])cc2[N+](=O)[O-])c([N+](=O)[O-])c1,8.79
O=[N+]([O-])c1ccccc1-c1ccc(N2CCCC(COS(=O)(=O)O)C2)nn1,7.18
O=[N+]([O-])c1ccc(Br)cc1Cc1cccc2c1C1(CCc3ccccc31)CC2,7.44
O=[N+]([O-])c1ccc(C2OOC(c3ccc(-c4c([N+](=O)[O-])no[n+]4[O-])cc3)OO2)cc1[N+](=O)[O-],8.12
O=C(c1cc([N+](=O)[O-])cc([N+](=O)[O-])c1)c1cc([N+](=O)[O-])cc([N+](=O)[O-])c1,8.49
O=[N+]([O-])C=Cc1ccc(N2CCC3Oc4ccccc4S(=O)(=O)N(CC4CC4)C3CC2)c([N+](=O)[O-])c1,8.28
Nc1nc(=O)c2cnc3cc(S(=O)(=O)c4ccc([N+](=O)[O-])cc4[N+](=O)[O-])ccc3c2s1,8.98
CN(NS(=O)(=O)c1ccc([N+](=O)[O-])cc1[N+](=O)[O-])S(=O)(=O)c1ccc(C2OCC([N+](=O)[O-])([N+](=O)[O-])CO2)cc1,7.44
O=C(NC(c1ccccn1)C1CCCN(C(=O)c2ccc([N+](=O)[O-])cc2[N+](=O)[O-])C1)C1CCCO1,6.99
O=[N+]([O-])CCc1ccc(S(=O)(=O)c2ccc(CO[N+](=O)[O-])cc2[N+](=O)[O-])c([N+](=O)[O-])c1,8.22
Cc1ccc(NS(=O)(=O)c2ccc([N+](=O)[O-])cc2[N+](=O)[O-])c(NC(=O)ON=Cc2cccc([N+](=O)[O-])c2)c1,7.08
O=[N+]([O-])c1ccc(Sc2ccc(S(=O)(=O)c3c(-c4ccccc4)no[n+]3[O-])cc2)c([N+](=O)[O-])c1,8.48
O=[N+]([O-])Nc1ccc(C=C(C(=Cc2ccc(-c3no[n+]([O-])c3[N+](=O)[O-])cc2)[N+](=O)[O-])[N+](=O)[O-])cc1,7.75
O=C(Nc1cc(S(=O)(=O)N2CCCC2)ccc1[N+](=O)[O-])c1ccc(Nc2ccc([N+](=O)[O-])cc2)cc1,8.37
O=[N+]([O-])C=CC1OC(c2ccc([N+](=O)[O-])cc2)OC2COC(c3ccccc3)OC12,7.31
O=[N+]([O-])CCc1ccc(Nc2cccc([N+](=O)[O-])c2)c(S(=O)(=O)C2CO2)c1,7.21
O=[N+]([O-])CCc1ccc(Oc2cc([N+](=O)[O-])c([N+](=O)[O-])cc2[N+](=O)[O-])c([N+](=O)[O-])c1,7.78
O=C(Oc1c([N+](=O)[O-])cc(C=C[N+](=O)[O-])cc1[N+](=O)[O-])c1cc(C=C[N+](=O)[O-])cc([N+](=O)[O-])c1,8.27
COC1CC(ON)OC2COC(c3ccc([N+](=O)[O-])cc3)OC12,6.15
O=S1(=O)OCCOS(=O)(=O)C1(Br)Br,5.26
O=[N+]([O-])CCc1ccc(S(=O)(=O)c2ccc(CC[N+](=O)[O-])cc2[N+](=O)[O-])c([N+](=O)[O-])c1,8.43
O=[N+]([O-])CCc1nc2oc3c(N4CCN(P5(=O)OCCO5)CC4)ncnc3c2c2c1CCCC2,6.64
O=[N+]([O-])c1ccc(S(=O)(=O)c2ccc(-c3no[n+]([O-])c3[N+](=O)[O-])cc2)c([N+](=O)[O-])c1,9.56
O=[N+]([O-])C=Cc1ccc(S(=O)(=O)c2ccc(S(=O)(=O)C(Cl)(Cl)Br)cc2[N+](=O)[O-])c([N+](=O)[O-])c1,9.19
O=[N+]([O-])c1cc(Cc2ccccc2[N+](=O)[O-])cc(Cc2ccccc2[N+](=O)[O-])c1,7.03
O=[N+]([O-])Nc1ccc(C2=C(c3ccc(-c4ccc(Br)cc4)cc3)S2(=O)=O)cc1,7.42
O=[N+]([O-])CCc1ccc(S(=O)(=O)c2ccc([N+](=O)[O-])cc2[N+](=O)[O-])c([N+](=O)[O-])c1,8.47
O=[N+]([O-])c1cccc(NC(=NS(=O)(=O)c2ccc([N+](=O)[O-])cc2[N+](=O)[O-])c2ccccc2)c1,8.55
O=[N+]([O-])C=Cc1ccc(S(=O)(=O)c2ccc(CC[N+](=O)[O-])cc2[N+](=O)[O-])c([N+](=O)[O-])c1,8.61
O=C(NCc1cc(=O)n2cc([N+](=O)[O-])ccc2n1)c1ccccc1Sc1c([N+](=O)[O-])cccc1[N+](=O)[O-],7.83
Cc1c(CC(=O)Nc2cc(C=C[N+](=O)[O-])cc([N+](=O)[O-])c2)c(=O)oc2cc3occc3cc12,7.39
O=c1[nH]c(CCS(=O)(=O)c2ccc([N+](=O)[O-])cc2)nc2sc3c(c12)CCSC3,7.32
O=[N+]([O-])c1sccc1CS(=O)(=O)c1ccc(-c2no[n+]([O-])c2[N+](=O)[O-])cc1,8.27
O=[N+]([O-])c1ccc(Nc2cccc(S(=O)(=O)Nc3ccc([N+](=O)[O-])cc3[N+](=O)[O-])c2)c([N+](=O)[O-])c1,7.19
Cc1cc(C2OOC(c3ccc([N+](=O)[O-])c(Nc4ccc(C=C[N+](=O)[O-])cc4)c3)OO2)ccc1[N+](=O)[O-],7.96
O=[N+]([O-])c1cccc(CN(CS(=O)(=O)c2ccc([N+](=O)[O-])cc2[N+](=O)[O-])CS(=O)(=O)c2ccc([N+](=O)[O-])cc2[N+](=O)[O-])c1,8.31
O=C1CCc2cc(S(=O)(=O)c3ccc([N+](=O)[O-])cc3[N+](=O)[O-])cc3c2N1CC3,7.95
O=C1CC(c2ccc([N+](=O)[O-])c([N+](=O)[O-])c2)c2cc([N+](=O)[O-])c([N+](=O)[O-])cc2N1,7.54
O=[N+]([O-])c1c(-c2ccc(C3OCC([N+](=O)[O-])([N+](=O)[O-])CO3)cc2)no[n+]1[O-],8.35
CC(C(=O)c1cccc([N+](=O)[O-])c1)N(Cc1c([N+](=O)[O-])cccc1[N+](=O)[O-])S(=O)(=O)c1ccc([N+](=O)[O-])cc1[N+](=O)[O-],8.47
O=[N+]([O-])c1cccc(NC(=NS(=O)(=O)c2ccc([N+](=O)[O-])cc2[N+](=O)[O-])c2ccccc2)c1,7.71
CN(Cc1cc2cccc([N+](=O)[O-])c2[nH]c1=O)S(=O)(=O)c1ccc(C=C[N+](=O)[O-])cc1[N+](=O)[O-],8.31
Cc1ccc(S(=O)(=O)c2ccc(C(=O)Nc3ccc([N+](=O)[O-])cc3Br)cn2)cc1C,7.93
CN(O)S(=O)(=O)c1ccc2c(c1)sc(=NC(=O)c1ccco1)n2CCO[N+](=O)[O-],6.67
O=c1cc(Cl)c2ccc(Oc3cc(Cl)c([N+](=O)[O-])cc3[N+](=O)[O-])cc2o1,7.69
O=[N+]([O-])C(=CNc1ccc(-c2no[n+]([O-])c2[N+](=O)[O-])cc1)S(=O)(=O)c1cccc([N+](=O)[O-])c1,7.89
O=[N+]([O-])CCc1ccc(S(=O)(=O)c2ccc([N+](=O)[O-])cc2[N+](=O)[O-])c([N+](=O)[O-])c1,8.47
CCC12CC3CC(C1)CC(C(=O)NC(C)(C)c1ccc(N[N+](=O)[O-])cc1)(C3)C2,7.14
O=[N+]([O-])c1ccc(OS(=O)(=O)c2ccc([N+](=O)[O-])c([N+](=O)[O-])c2)c([N+](=O)[O-])c1,7.65
O=[N+]([O-])c1ccc(C2OOC(c3ccc4c(c3)OCCO4)OO2)cc1[N+](=O)[O-],7.36
O=[N+]([O-])c1cc(S(=O)(=O)C=CS(=O)(=O)c2ccc(-c3c([N+](=O)[O-])no[n+]3[O-])cc2)ccc1I,8.46
CC1=NN(c2ccc(N[N+](=O)[O-])cc2)C(=O)C1=CNc1sc2c(c1C(=O)C=Cc1ccc(CC[N+](=O)[O-])cc1[N+](=O)[O-])CCC2,8.9
O=[N+]([O-])CCc1ccc(S(=O)(=O)c2ccc([N+](=O)[O-])cc2[N+](=O)[O-])c([N+](=O)[O-])c1,8.25
Cc1c(S(=O)c2ccc(-c3no[n+]([O-])c3[N+](=O)[O-])cc2)no[n+]1[O-],7.77
O=C1C(=Cc2c(N3CCSCC3)nc3ccc([N+](=O)[O-])cn3c2=O)SC(=S)N1C1CCCC1,6.61
O=c1c2ccccc2nc(SCc2cc([N+](=O)[O-])cc([N+](=O)[O-])c2)n1C1CCCC1,6.94
O=[N+]([O-])c1c(-c2ccc(-c3no[n+]([O-])c3[N+](=O)[O-])cc2)no[n+]1[O-],7.72
O=C(CCCn1c(=O)c2ccccc2n(CC(=O)NC2CCCC2)c1=O)Nc1ccc([N+](=O)[O-])cc1Cl,6.31
O=[N+]([O-])OCc1ccc(-c2no[n+]([O-])c2[N+](=O)[O-])cc1,6.83
O=[N+]([O-])c1cccc(NC(=NS(=O)(=O)c2ccccc2[N+](=O)[O-])c2ccncc2)c1,7.65
O=C(NS(=O)(=O)c1cccc([N+](=O)[O-])c1)c1nc2ccccc2c(=O)[nH]1,6.8
O=C(c1cccc(-n2cnnn2)c1)c1ccc([N+](=O)[O-])cc1Cl,7.15
CC1CN(C(=O)c2cc([N+](=O)[O-])cc([N+](=O)[O-])c2)CCC1(O)C1CCOCC1,7.01
O=C(Nc1ccc([N+](=O)[O-])cc1Oc1ccc([N+](=O)[O-])cc1)c1ccc([N+](=O)[O-])cc1,7.26
O=[N+]([O-])CCc1ccc(S(=O)(=O)c2ccc([N+](=O)[O-])cc2[N+](=O)[O-])c([N+](=O)[O-])c1,8.63
O=[N+]([O-])c1cccc(CCN(S(=O)(=O)c2ccccc2)S(=O)(=O)c2ccc([N+](=O)[O-])cc2[N+](=O)[O-])c1,7.37
O=C(Nc1ccc(C=C[N+](=O)[O-])c([N+](=O)[O-])c1)c1ccc([N+](=O)[O-])c(Nc2ccc([N+](=O)[O-])cc2)c1,8.57
O=C(Nc1ccc([N+](=O)[O-])cc1Br)c1cnc2sc3c(n2c1=O)CCCC3,7.23
CN(Cc1cc([N+](=O)[O-])ccc1[N+](=O)[O-])C(=O)CCCn1cnc2c([N+](=O)[O-])cccc2c1=O,6.15
CSC1=NC2(CCN(S(=O)(=O)c3ccccc3[N+](=O)[O-])CC2)N=C1c1ccc(N[N+](=O)[O-])cc1,7.31
O=[N+]([O-])CCc1ccc(OS(=O)(=O)c2ccc(-c3no[n+]([O-])c3[N+](=O)[O-])cc2)c([N+](=O)[O-])c1,8.83
O=C(c1ccc([N+](=O)[O-])cc1[N+](=O)[O-])N1CCN(c2ccc([N+](=O)[O-])cc2)CC1,7.27
Cc1nn(-c2ccccc2)c(C)c1C1CC(=O)Nc2nc([N+](=O)[O-])ccc21,6.21
O=C(NCCn1nc2c(cc1=O)CCCC2)c1ccccc1S(=O)(=O)Cc1cc([N+](=O)[O-])cc([N+](=O)[O-])c1,7.2
O=[N+]([O-])c1cccc(-c2cccc(Nc3ccc(Nc4ccc([N+](=O)[O-])cc4[N+](=O)[O-])cc3S(=O)(=O)O)c2)c1,8.52
Cc1ccc2c(=O)c(C(=O)NS(=O)(=O)c3cc([N+](=O)[O-])ccc3Cl)cn(CC(=O)Nc3cc([N+](=O)[O-])cc([N+](=O)[O-])c3)c2n1,8.98
O=[N+]([O-])CCc1ccc(S(=O)(=O)c2ccc([N+](=O)[O-])cc2[N+](=O)[O-])c([N+](=O)[O-])c1,8.2
Cc1nc(N2C(=O)C(O)=C(C(=O)c3ccc(N[N+](=O)[O-])cc3)C2c2ccc(C=C[N+](=O)[O-])cc2)sc1C(=O)NN(C)C,6.52
O=C(Oc1ccc([N+](=O)[O-])cc1[N+](=O)[O-])c1ccc(P(=O)(Cc2cccc([N+](=O)[O-])c2)c2ccc(-c3c([N+](=O)[O-])no[n+]3[O-])cc2)cc1,8.63
CC1(C)CC(=O)N(CC(=O)Nc2ccc([N+](=O)[O-])cc2[N+](=O)[O-])c2ccccc21,7.81
Cc1c(C(=O)CBr)sc(NC(=O)c2ccc(Br)c([N+](=O)[O-])c2)c1C(=O)CCCC[N+](=O)[O-],6.64
O=C(NCCO[N+](=O)[O-])C1CCCN(S(=O)(=O)c2ccc([N+](=O)[O-])cc2[N+](=O)[O-])C1,6.76
CC(C)(C)c1c2c(nn1C(=O)c1ccc(-c3no[n+]([O-])c3[N+](=O)[O-])cc1)-c1ccccc1C2=O,8.66
O=[N+]([O-])c1cc(C2OOC(c3ccc([N+](=O)[O-])c(NS(=O)(=O)c4ccc(S(=O)(=O)Cl)cc4)c3)OO2)ccc1Br,7.87
O=[N+]([O-])C=Cc1cc(C2OCC3C(c4cccc([N+](=O)[O-])c4)OCC23)cc([N+](=O)[O-])c1,7.98
O=[N+]([O-])Nc1ccc(CN(Cc2ccccc2)S(=O)(=O)c2ccccc2[N+](=O)[O-])cc1,7.34
CC1(C)OC(=O)C(Cc2ccccc2)(Cc2ccc(C34CC5CC(CC(C5)C3)C4)cc2)C(=O)O1,7.38
O=[N+]([O-])Nc1ccc(S(=O)(=O)C(Cl)(Cl)S(=O)(=O)c2cccc(Nc3ccc([N+](=O)[O-])cc3[N+](=O)[O-])c2)cc1,7.2
O=[N+]([O-])c1cc(Cl)cc([N+](=O)[O-])c1S(=O)(=O)c1ccc(-c2no[n+]([O-])c2[N+](=O)[O-])cc1,9.1
Cc1ccc(-c2nnc(NC(=O)c3cccc(NS(C)(=O)=O)c3)s2)cc1,7.02
O=[N+]([O-])c1cccc(NC(=NS(=O)(=O)c2ccc([N+](=O)[O-])cc2[N+](=O)[O-])c2ccccc2)c1,8.37
O=[N+]([O-])C(=C(c1ccc(-c2no[n+]([O-])c2[N+](=O)[O-])cc1)c1ccc(-c2c([N+](=O)[O-])no[n+]2[O-])cc1)[N+](=O)[O-],7.78
O=C(c1cc(-c2ccccc2)no1)N1CCC2C(C1)CN2C(=O)Cc1ccccc1[N+](=O)[O-],6.94
CCn1cc2c(n1)c(=O)n(Cc1ccccc1)c(=O)n2CC(=O)Nc1ccc([N+](=O)[O-])cc1[N+](=O)[O-],7.31
O=C(CC[N+](=O)[O-])c1cc2c(=O)n3ccccc3nc2s1,6.58
O=[N+]([O-])OCc1ccc(S(=O)(=O)c2ccc(-c3no[n+]([O-])c3[N+](=O)[O-])cc2)c([N+](=O)[O-])c1,9.08
O=[N+]([O-])c1c(-c2ccc(NS(=O)(=O)c3ccc4c5c(cccc35)CC4)cc2)no[n+]1[O-],8.43
O=C(Nc1nnc(Sc2cc(Cl)ccc2[N+](=O)[O-])s1)c1ccc([N+](=O)[O-])cc1,7.48
O=[N+]([O-])C=Cc1ccc(S(=O)(=O)c2ccc(CO[N+](=O)[O-])cc2[N+](=O)[O-])c([N+](=O)[O-])c1,8.57
O=[N+]([O-])c1ccc(S(=O)(=O)Oc2ccc(-c3c([N+](=O)[O-])no[n+]3[O-])cc2)c([N+](=O)[O-])c1,8.32
O=C1CSc2ccccc2N1Cc1ccccc1,4.81
O=[N+]([O-])c1ccc(P(=O)(Cc2cccc([N+](=O)[O-])c2)c2ccccc2)cc1,7.1
O=[N+]([O-])C(=Cc1cccc(C2OOC(c3ccc(-c4no[n+]([O-])c4[N+](=O)[O-])cc3)OO2)c1)[N+](=O)[O-],9.17
O=C(CN1C(=O)C(=C2SC(=S)NC2=O)c2ccccc21)Nc1ccc([N+](=O)[O-])cc1[N+](=O)[O-],7.7
c1ccc2c(c1)nnn2Cc1nc(-c2c[nH]c3ccccc23)n[nH]1,6.13
O=C(Nc1cc([N+](=O)[O-])ccc1Cl)C1CN(S(=O)(=O)c2ccc(C=C[N+](=O)[O-])cc2[N+](=O)[O-])c2ccccc2O1,8.1
O=[N+]([O-])C=Cc1ccc(S(=O)(=O)c2ccc(CO[N+](=O)[O-])cc2[N+](=O)[O-])c([N+](=O)[O-])c1,8.61
O=[N+]([O-])c1cccc(C2OOC(c3ccc(-c4no[n+]([O-])c4Br)cc3)OO2)c1,8.09
O=C(c1cc([N+](=O)[O-])cc([N+](=O)[O-])c1)N1CCC2(CC1)CC(CO[N+](=O)[O-])N(c1ncccn1)C2,8.43
O=C(c1cc([N+](=O)[O-])cc([N+](=O)[O-])c1)c1cc([N+](=O)[O-])cc([N+](=O)[O-])c1,8.26
O=[N+]([O-])C=Cc1ccc([N+](=O)[O-])c(Sc2c([N+](=O)[O-])cccc2[N+](=O)[O-])c1,6.83
N=C(NOS(=O)(=O)c1ccc([N+](=O)[O-])cc1[N+](=O)[O-])c1ccc([N+](=O)[O-])cc1,8.03
O=C1CN2C(=C1c1nc(-c3ccc([N+](=O)[O-])cc3)cs1)NC(=O)c1cc3ccccc3cc12,8.78
Cc1ccc([N+](=O)[O-])cc1NC(=O)C1C(c2ccccc2)=C1c1ccc(C=C[N+](=O)[O-])cc1,7.97
Cc1c(S(=O)(=O)c2ccc(C(C(=O)NC(C)(C)C)N(C(=O)Cc3ccc(N[N+](=O)[O-])cc3)c3ccccc3[N+](=O)[O-])cc2)no[n+]1[O-],7.09
CC(C)c1[nH]c2cc(S(=O)(=O)c3cccc([N+](=O)[O-])c3)ccc2c(=O)c1C(C)C,7.19
O=S1(=O)CC2NC(=S)N(c3nc(Cl)c4nc[nH]c4n3)C2C1,5.72
O=[N+]([O-])c1no[n+]([O-])c1-c1ccc(S(=O)(=O)c2c(S(=O)(=O)c3ccccc3)no[n+]2[O-])cc1,8.66
C=S(NS(=O)(=O)c1ccc(NC(=O)C2CC(=O)N(c3cccc(OC)c3)C2)cc1)C(C)C,7.12
O=[N+]([O-])OCCCCOC1CC(O)C12CCN(S(=O)(=O)c1ccc([N+](=O)[O-])cc1[N+](=O)[O-])CC2,7.19
O=[N+]([O-])C1([N+](=O)[O-])COC(c2ccc(-c3no[n+]([O-])c3Br)cc2)OC1,7.28
CC(C)(C)c1cc([N+](=O)[O-])cc([N+](=O)[O-])c1O,5.34
O=[N+]([O-])C=Cc1ccc(S(=O)(=O)c2ccc([N+](=O)[O-])cc2[N+](=O)[O-])c([N+](=O)[O-])c1,8.71
O=C1C(=Cc2cccc([N+](=O)[O-])c2)NC(=S)N1C1CCCCC1,6.8
CCC1=C(C(=O)OCC[N+](=O)[O-])C(c2ccc([N+](=O)[O-])c([N+](=O)[O-])c2)C2=C(CCCC2=O)N1,7.84
O=[N+]([O-])C=Cc1ccc(S(=O)(=O)c2ccc(C=C[N+](=O)[O-])cc2[N+](=O)[O-])c([N+](=O)[O-])c1,9.43
O=C1c2cccc(Nc3ccc(C=C[N+](=O)[O-])cc3[N+](=O)[O-])c2C(=O)N1CO[N+](=O)[O-],7.85
O=C(c1cc([N+](=O)[O-])cc([N+](=O)[O-])c1)C1C(c2ccc(F)cc2)C1[N+](=O)[O-],7.4
CS(=O)(=O)NC1CCN(c2nc3c(-c4ccccc4[N+](=O)[O-])csc3c(=O)[nH]2)CC1,6.83
O=C(COC(=O)c1cc([N+](=O)[O-])c([N+](=O)[O-])cc1Nc1ccccc1[N+](=O)[O-])Nc1c([N+](=O)[O-])cc([N+](=O)[O-])cc1[N+](=O)[O-],7.78
CN(O)S(=O)(=O)c1ccc2cc([N+](=O)[O-])ccc2c1,6.24
Cc1c(-c2ccc(S(=O)(=O)N(C)NS(=O)(=O)c3ccccc3[N+](=O)[O-])cc2)no[n+]1[O-],7.11
O=C(Oc1c([N+](=O)[O-])cc([N+](=O)[O-])cc1[N+](=O)[O-])c1cc([N+](=O)[O-])cc([N+](=O)[O-])c1,7.61
O=[N+]([O-])c1ccccc1S(=O)(=O)N=C(NS(=O)(=O)c1ccccc1[N+](=O)[O-])c1ccc(-c2no[n+]([O-])c2[N+](=O)[O-])cc1,9.11
O=[N+]([O-])c1cc([N+](=O)[O-])cc([N+](=O)[O-])c1,5.88
O=[N+]([O-])C=Cc1ccc(Sc2c([N+](=O)[O-])cc(C=C[N+](=O)[O-])cc2[N+](=O)[O-])c([N+](=O)[O-])c1,8.03
O=S(=O)(c1ccc(C2OCCCO2)cc1)c1c(-c2ccccc2)no[n+]1[O-],7.27
O=[N+]([O-])C=Cc1ccc([N+](=O)[O-])c(Sc2cc([N+](=O)[O-])c(Cl)cc2[N+](=O)[O-])c1,7.39
O=c1cc(-c2ccccc2)c2ccc(S(=O)(=O)c3ccc([N+](=O)[O-])cc3[N+](=O)[O-])cc2o1,7.57
O=[N+]([O-])C=Cc1ccc(S(=O)(=O)c2ccc([N+](=O)[O-])cc2[N+](=O)[O-])c([N+](=O)[O-])c1,8.75
CS(=O)(=O)N1CC(C(=O)Nc2cc(C=C[N+](=O)[O-])cc(C=C[N+](=O)[O-])c2)CC2OCCC21,7.93
O=[N+]([O-])OCc1ccc([N+](=O)[O-])c(S(=O)(=O)c2ccc(Cl)cc2[N+](=O)[O-])c1,7.26
CCn1c(CSc2ccc(Cl)cc2[N+](=O)[O-])nc2cc(Oc3cc(Cl)c([N+](=O)[O-])cc3[N+](=O)[O-])ccc21,7.38
CCN(c1ccc([N+](=O)[O-])c([N+](=O)[O-])c1)S(=O)(=O)c1ccc([N+](=O)[O-])cc1[N+](=O)[O-],8.39
O=C(NCc1ccco1)C(c1ccncc1)N(C(=O)Cc1ccc([N+](=O)[O-])cc1)c1ccc(N[N+](=O)[O-])cc1,7.03
O=[N+]([O-])Nc1ccc(N(S(=O)(=O)c2ccccc2)S(=O)(=O)c2ccc([N+](=O)[O-])cc2[N+](=O)[O-])cc1,7.45
CON(C)C(=O)c1cn(C(=O)c2cc(Oc3ccc([N+](=O)[O-])cc3[N+](=O)[O-])ccc2[N+](=O)[O-])c2ccccc12,7.53
CC(CCC1(C)NC(=O)N(CCO[N+](=O)[O-])C1=O)[N+](=O)[O-],5.04
O=[N+]([O-])c1cc(CC2OOC(Cc3ccc(-c4c([N+](=O)[O-])no[n+]4[O-])cc3)OO2)cc([N+](=O)[O-])c1,8.86
O=[N+]([O-])C(=CNc1ccc(-c2no[n+]([O-])c2[N+](=O)[O-])cc1)S(=O)(=O)c1ccc(F)cc1,7.93
O=[N+]([O-])c1ccc(S(=O)(=O)Nc2cc([N+](=O)[O-])c(NS(=O)(=O)c3ccc(Br)cc3)cc2[N+](=O)[O-])c([N+](=O)[O-])c1,8.12
O=[N+]([O-])c1ccc(Nc2cc([N+](=O)[O-])c([N+](=O)[O-])cc2[N+](=O)[O-])c([N+](=O)[O-])c1,7.63
O=[N+]([O-])C=Cc1ccc(S(=O)(=O)c2ccc(CC[N+](=O)[O-])cc2[N+](=O)[O-])c([N+](=O)[O-])c1,8.72
Cn1c(SCc2cc([N+](=O)[O-])cc([N+](=O)[O-])c2)nnc1-c1cc2cccc([N+](=O)[O-])c2o1,8.1
O=[N+]([O-])c1cccc(S(=O)(=O)c2no[n+]([O-])c2S(=O)(=O)c2ccc([N+](=O)[O-])c([N+](=O)[O-])c2)c1,8.4
Cn1cc(C(=O)Nc2cccc(C=C[N+](=O)[O-])c2)c2[nH]c(=O)n(-c3ccc(N[N+](=O)[O-])cc3)c(=O)c21,7.38
O=C(c1ccc([N+](=O)[O-])c([N+](=O)[O-])c1)N(Cc1ccccc1)c1nc2c([N+](=O)[O-])cc([N+](=O)[O-])cc2s1,7.71
CC(C)n1c(SCc2cc(C=C[N+](=O)[O-])cc([N+](=O)[O-])c2)nc2cc[nH]c2c1=O,6.23
O=C(Nc1nc2ccccc2n1CCCO[N+](=O)[O-])Oc1c([N+](=O)[O-])cc([N+](=O)[O-])cc1[N+](=O)[O-],6.89
O=[N+]([O-])CCc1ccc(S(=O)(=O)c2ccc(S(=O)(=O)C(Cl)(Cl)Br)cc2[N+](=O)[O-])c([N+](=O)[O-])c1,8.34
CC1(c2cccc(CO[N+](=O)[O-])c2)NC(=O)N(CC(=O)Nc2cc([N+](=O)[O-])cc([N+](=O)[O-])c2)C1=O,7.78
O=[N+]([O-])c1ccc(NS(=O)(=O)c2ccc([N+](=O)[O-])cc2[N+](=O)[O-])c(Cl)c1,7.39
O=[N+]([O-])C=CNc1ccc(NS(=O)(=O)c2ccc([N+](=O)[O-])cc2[N+](=O)[O-])cc1NS(=O)(=O)c1ccc([N+](=O)[O-])cc1[N+](=O)[O-],7.73
CS(=O)(=O)NCc1ccccc1N(CC1CO1)S(=O)(=O)c1ccc([N+](=O)[O-])cc1[N+](=O)[O-],6.89
O=[N+]([O-])c1ccc(S(=O)(=O)c2ccc([N+](=O)[O-])cc2[N+](=O)[O-])cc1,7.52
O=C(CSc1c(S(=O)(=O)c2ccc(N[N+](=O)[O-])cc2)no[n+]1[O-])Nc1ccc([N+](=O)[O-])cc1[N+](=O)[O-],8.87
O=C1OCC2=C1C(c1cc([N+](=O)[O-])c([N+](=O)[O-])cc1[N+](=O)[O-])CC(=O)N2c1cccc(C=C[N+](=O)[O-])c1,7.88
O=C(Nc1nccs1)c1cc2cccc([N+](=O)[O-])c2oc1=Nc1ccc(S(=O)(=O)NO)cc1,6.87
CC=c1sc2n(c1=O)C(C)=C(C=O)C(c1ccc(-c3c([N+](=O)[O-])no[n+]3[O-])cc1)N=2,6.89
O=[N+]([O-])C(=Cc1cccc(S(=O)(=O)Nc2ccc(Br)cc2[N+](=O)[O-])c1)[N+](=O)[O-],7.35
O=[N+]([O-])c1ccc(Nc2ccc([N+](=O)[O-])cc2[N+](=O)[O-])cc1,6.87
Cn1c(=NC(=O)c2cc3ccccc3oc2=O)sc2cc([N+](=O)[O-])ccc21,7.91
O=[N+]([O-])c1ccccc1Cn1cnc(-c2ccccc2)c1-c1cccn1-c1cccnc1,7.25
O=[N+]([O-])CCc1ccc(S(=O)(=O)c2ccc([N+](=O)[O-])cc2[N+](=O)[O-])c([N+](=O)[O-])c1,8.7
O=[N+]([O-])c1c(-c2ccc(S(=O)(=O)c3c(S(=O)(=O)c4ccccc4)no[n+]3[O-])cc2)no[n+]1[O-],8.7
O=[N+]([O-])Nc1ccc(C(=NS(=O)(=O)c2ccc([N+](=O)[O-])cc2[N+](=O)[O-])Nc2cccc([N+](=O)[O-])c2)cc1,7.52
O=[N+]([O-])Nc1ccc(C(=C([N+](=O)[O-])[N+](=O)[O-])c2ccc(C3OOC(c4ccc(Br)cc4)OO3)cc2)cc1,8.48
O=C(NS(=O)(=O)c1ccc([N+](=O)[O-])cc1[N+](=O)[O-])c1cc([N+](=O)[O-])cc([N+](=O)[O-])c1,8.72
CSC(C[N+](=O)[O-])=NC1CCN(P2(=O)OCCO2)CC1,5.46
O=[N+]([O-])CCc1ccc(S(=O)(=O)c2ccc([N+](=O)[O-])cc2[N+](=O)[O-])c([N+](=O)[O-])c1,8.41
O=[N+]([O-])c1cc(CCNS(=O)(=O)c2ccc(NS(=O)(=O)c3ccc([N+](=O)[O-])cc3[N+](=O)[O-])cc2[N+](=O)[O-])cc([N+](=O)[O-])c1,7.89
O=C(Oc1ccccc1)N1CCN(C(=O)c2ccccc2)C2CS(=O)(=O)CC21,6.68
O=[N+]([O-])CCc1ccc(S(=O)(=O)c2ccc([N+](=O)[O-])cc2[N+](=O)[O-])c([N+](=O)[O-])c1,8.51
O=[N+]([O-])c1ccc(S(=O)(=O)NN=Cc2cc3c(cc2[N+](=O)[O-])OCO3)c([N+](=O)[O-])c1,7.72
O=[N+]([O-])c1ccc(C2OOC(c3ccc(-c4no[n+]([O-])c4[N+](=O)[O-])cc3)OO2)cc1S(=O)(=O)O,8.4
O=C(C1CC1(c1ccccc1)c1ccc(N[N+](=O)[O-])cc1)N(Cc1ccccc1)Cc1cc([N+](=O)[O-])cc([N+](=O)[O-])c1,7.42
O=[N+]([O-])c1ccc(Oc2ccc(Sc3ccc(Cl)cc3[N+](=O)[O-])nc2)c([N+](=O)[O-])c1,7.79
O=C(c1cc([N+](=O)[O-])cc([N+](=O)[O-])c1)C1C(c2ccc(-c3c(Br)no[n+]3[O-])cc2)C1[N+](=O)[O-],8.82
O=C(Oc1c([N+](=O)[O-])cc(C=C[N+](=O)[O-])cc1[N+](=O)[O-])c1cc([N+](=O)[O-])cc([N+](=O)[O-])c1,7.48
Nc1c(C(=O)Nc2ccc(CC[N+](=O)[O-])cc2[N+](=O)[O-])c2ccccn2c1C(=O)c1ccc([N+](=O)[O-])c([N+](=O)[O-])c1,7.39
O=[N+]([O-])c1ccc(NS(=O)(=O)c2ccc([N+](=O)[O-])cc2[N+](=O)[O-])c([N+](=O)[O-])c1,7.67
O=[N+]([O-])C=Cc1ccc(S(=O)(=O)c2ccc([N+](=O)[O-])cc2[N+](=O)[O-])c([N+](=O)[O-])c1,8.75
CN(C(=O)c1ncn2c1CN(S(=O)(=O)c1ccccc1)C(=O)c1nccnc1-2)C1CCCCC1,6.59
O=C(c1cc([N+](=O)[O-])cc([N+](=O)[O-])c1)N1CCCC(c2nc(-c3ccc(-c4no[n+]([O-])c4[N+](=O)[O-])cc3)no2)C1,9.42
O=C(CC1(O)C(=O)N(CCCNS(=O)(=O)c2ccc([N+](=O)[O-])cc2)c2ccccc21)c1cccc([N+](=O)[O-])c1,6.19
O=C(Nc1ccc([N+](=O)[O-])cc1[N+](=O)[O-])C(c1ccc([N+](=O)[O-])o1)N(Cc1ccccc1)C(=O)c1ccccc1[N+](=O)[O-],7.86
CS(=O)(=O)N(CC(=O)Nc1sc2c(c1C(=O)Cl)CCCC2)c1ccccc1[N+](=O)[O-],6.42
O=[N+]([O-])C=Cc1ccc(S(=O)(=O)c2ccc(CO[N+](=O)[O-])cc2[N+](=O)[O-])c([N+](=O)[O-])c1,8.66
O=C(c1ccc([N+](=O)[O-])cc1)c1no[n+]([O-])c1C(=O)c1cc2cc([N+](=O)[O-])ccc2o1,7.16
O=C(Nc1ccc([N+](=O)[O-])cc1[N+](=O)[O-])C1Cc2ccccc2CN1S(=O)(=O)c1cccs1,7.53
O=C(NS(=O)(=O)c1cc([N+](=O)[O-])ccc1Br)c1cc(-c2cnc(-c3ccccc3)nc2)cn1CC1CC1,7.26
O=[N+]([O-])c1ccc(S(=O)(=O)c2c(S(=O)(=O)c3ccc(Cl)c([N+](=O)[O-])c3)no[n+]2[O-])cc1,8.09
O=[N+]([O-])c1ccc(-c2no[n+]([O-])c2-c2ccc(S(=O)(=O)S(=O)(=O)c3ccc4nccnc4c3)cc2)cc1,7.84
O=[N+]([O-])c1ccccc1S(=O)(=O)NNS(=O)(=O)c1ccc(-c2no[n+]([O-])c2[N+](=O)[O-])cc1,8.14
O=[N+]([O-])c1ccc(SCCCSS(=O)(=O)c2ccc(-c3c([N+](=O)[O-])no[n+]3[O-])cc2)c([N+](=O)[O-])c1,7.73
O=[N+]([O-])C=Cc1cc(C2OCC3C(c4cc(C=C[N+](=O)[O-])cc([N+](=O)[O-])c4)OCC23)cc([N+](=O)[O-])c1,8.96
COC(=O)C1CCc2sc(NC(=O)Oc3c([N+](=O)[O-])cc([N+](=O)[O-])cc3[N+](=O)[O-])c(C(=O)NO)c21,6.66
O=[N+]([O-])C=Cc1ccc(S(=O)(=O)c2ccc([N+](=O)[O-])cc2[N+](=O)[O-])c([N+](=O)[O-])c1,8.7
O=[N+]([O-])C=Cc1ccc(S(=O)(=O)c2ccc(CC[N+](=O)[O-])cc2[N+](=O)[O-])c([N+](=O)[O-])c1,8.66
O=[N+]([O-])C=Cc1ccc(S(=O)(=O)c2ccc(CC[N+](=O)[O-])cc2[N+](=O)[O-])c([N+](=O)[O-])c1,8.9
COC1CCCC12CCCN(c1ncnc3sc(C)c(C)c13)C2,5.31
Cc1c(CC(=O)Nc2cc(C=C[N+](=O)[O-])cc([N+](=O)[O-])c2)c(=O)oc2cc3occ(-c4ccccc4)c3cc12,7.81
O=[N+]([O-])c1ccccc1C1CCN(C(c2ccccc2)(c2ccccc2)c2ccccc2)CCS1(=O)=O,8.37
O=C(CC[N+](=O)[O-])N1CC(COc2ccccc2)C(C2CCN(c3cccc([N+](=O)[O-])c3)CC2)C1,7.37
O=C(Nc1ccc(Br)cc1[N+](=O)[O-])c1cc([N+](=O)[O-])ccc1S(=O)c1ccccc1,7.71
O=[N+]([O-])C=Cc1ccc(S(=O)(=O)Oc2ccc(CO[N+](=O)[O-])cc2OS(=O)(=O)c2ccc([N+](=O)[O-])cc2[N+](=O)[O-])c([N+](=O)[O-])c1,9.14
O=[N+]([O-])CCc1ccc(S(=O)(=O)c2ccc(CC[N+](=O)[O-])cc2[N+](=O)[O-])c([N+](=O)[O-])c1,8.05
CC(C)N1C(=O)c2ccccc2C(C(=O)Nc2ccc(CC[N+](=O)[O-])cc2Br)C12CCN(P1(=O)OCCO1)CC2,6.89
O=[N+]([O-])C=Cc1ccc(OP(=O)(c2cccc([N+](=O)[O-])c2)c2cccc([N+](=O)[O-])c2)c([N+](=O)[O-])c1,8.01
O=C(Nc1cc([N+](=O)[O-])ccc1Cl)C(c1ccccc1)N(Cc1ccccc1)C(=O)Cc1ccc(N[N+](=O)[O-])cc1,7.04
CCN(c1ccc2sc(C(=O)Nc3cccc([N+](=O)[O-])c3)cc2c1)S(=O)(=O)c1ccccc1[N+](=O)[O-],7.31
O=C1C=C(c2ccc([N+](=O)[O-])c([N+](=O)[O-])c2)CC(c2cccc([N+](=O)[O-])c2)C1C(=O)Oc1ccc([N+](=O)[O-])cc1,7.97
CC(O[N+](=O)[O-])C(=O)c1ccc2nc(-c3ccc(-c4c([N+](=O)[O-])no[n+]4[O-])cc3)[nH]c2c1,7.61
O=[N+]([O-])c1cccc(C2OCC3C(c4ccc5c(c4)OCCCO5)OCC23)c1,6.97
O=[N+]([O-])CCc1ccc(S(=O)(=O)c2ccc([N+](=O)[O-])cc2[N+](=O)[O-])c([N+](=O)[O-])c1,8.41
O=C1NC2(CCCCCC2)C(=O)N1Cc1ccccc1[N+](=O)[O-],6.54
O=C(Nc1ccc([N+](=O)[O-])cc1Br)C1CC(c2cccc(CC[N+](=O)[O-])c2)=NO1,7.57
O=C(COc1c(-c2ccco2)oc2ccccc2c1=O)Nc1ccc([N+](=O)[O-])cc1[N+](=O)[O-],6.84
O=[N+]([O-])c1ccc(S(=O)(=O)N2CCC3(CC2)OCCc2cc([N+](=O)[O-])c([N+](=O)[O-])cc23)c([N+](=O)[O-])c1,7.75
CC(=Cc1ccc(S(=O)(=O)Nc2ccc([N+](=O)[O-])cc2[N+](=O)[O-])c([N+](=O)[O-])c1)[N+](=O)[O-],8.27
O=[N+]([O-])CCc1ccc(S(=O)(=O)c2ccc([N+](=O)[O-])cc2[N+](=O)[O-])c([N+](=O)[O-])c1,8.44
O=[N+]([O-])C(=CNc1cnn(Cc2ccc(Cl)cc2[N+](=O)[O-])c1)S(=O)(=O)c1ccc([N+](=O)[O-])cc1,7.68
CSC(=NC1CCN(c2ccc3nnc(C(F)(F)F)n3n2)CC1)NS(=O)(=O)c1ccc([N+](=O)[O-])cc1,7.13
O=[N+]([O-])OCc1ccc(S(=O)(=O)Nc2c(Cl)c(Cl)c(NS(=O)(=O)c3ccc([N+](=O)[O-])cc3)c(Cl)c2Cl)cc1,6.89
O=[N+]([O-])c1ccccc1S(=O)(=O)NCCSS(=O)(=O)c1ccc(-c2no[n+]([O-])c2[N+](=O)[O-])cc1,7.91
CC(C(NC(=O)CCc1nc2ccccc2c(=O)[nH]1)c1ccc(-c2c([N+](=O)[O-])no[n+]2[O-])cc1)[N+](=O)[O-],6.39
Cc1cc([N+](=O)[O-])c(S(=O)(=O)c2ccc(-c3no[n+]([O-])c3[N+](=O)[O-])cc2)c([N+](=O)[O-])c1,8.87
O=C(c1cccc([N+](=O)[O-])c1)c1ccc(Cl)c([N+](=O)[O-])c1,8.17
CC1(C)Oc2ccc(-c3cccc([N+](=O)[O-])c3)cc2N(CC(=O)Nc2ccc([N+](=O)[O-])cc2[N+](=O)[O-])C1=O,8.19
Cc1c(C(=O)Nc2ccc([N+](=O)[O-])cc2Cl)sc2ncnc(NCc3ccccc3[N+](=O)[O-])c12,7.19
Cn1c(=O)c2c(nc3n(CCC[N+](=O)[O-])c(C45CC6CC(CC(C6)C4)C5)cn23)n(C)c1=O,6.49
O=C(NS(=O)(=O)c1cc([N+](=O)[O-])ccc1Cl)c1nc(-c2ccn(S(=O)(=O)c3ccc(N[N+](=O)[O-])cc3)c2)n2ccccc12,8.06
Cc1cccc(S(=O)(=O)c2no[n+]([O-])c2S(=O)(=O)c2ccc([N+](=O)[O-])cc2)c1,7.13
CN1CCOc2ccc(C3OOC(c4ccc([N+](=O)[O-])c(F)c4)OO3)cc2C1=O,6.82
O=C(Cn1c(=O)n(CCc2ccccc2)c(=O)c2sccc21)Nc1cc([N+](=O)[O-])cc([N+](=O)[O-])c1,6.69
Cc1cc(C)c(S(=O)(=O)NCC(=O)Nc2ccc([N+](=O)[O-])cc2)c([N+](=O)[O-])c1,7.52
O=[N+]([O-])Nc1ccc(-c2no[n+]([O-])c2-c2ccc(Cl)cc2)cc1,6.45
O=[N+]([O-])C=Cc1ccc(S(=O)(=O)c2ccc(CC[N+](=O)[O-])cc2[N+](=O)[O-])c([N+](=O)[O-])c1,8.78
C[N+]([O-])=Cc1ccc(S(=O)(=O)C(Br)c2cccc(-c3cccc([N+](=O)[O-])c3)c2)cc1,7.33
O=C(Nc1sc2c(c1C(=O)NO)CCC(c1ccccc1)C2)Oc1c([N+](=O)[O-])cc([N+](=O)[O-])cc1[N+](=O)[O-],7.32
Cc1cc(C2OCC3C(c4cccc(C=C([N+](=O)[O-])[N+](=O)[O-])c4)OCC23)cc(S(=O)(=O)C2CO2)c1,8.16
O=[N+]([O-])c1cccc(S(=O)(=O)c2c(S(=O)(=O)c3ccc(-c4no[n+]([O-])c4[N+](=O)[O-])cc3)no[n+]2[O-])c1,8.78
CC(C)c1nnc(N2C(=O)c3oc4ccccc4c(=O)c3C2c2ccc([N+](=O)[O-])cc2)s1,6.78
O=C(Nc1ccc([N+](=O)[O-])cc1[N+](=O)[O-])C1CC(=O)N(C2CCCCC2)C1,7.72
O=[N+]([O-])C=Cc1ccc(S(=O)(=O)c2ccc([N+](=O)[O-])cc2[N+](=O)[O-])cc1Cl,8.84
O=[N+]([O-])c1ccc(C=Cc2cc([N+](=O)[O-])c([N+](=O)[O-])cc2[N+](=O)[O-])c([N+](=O)[O-])c1,7.86
O=[N+]([O-])OCc1ccc(S(=O)(=O)c2ccc([N+](=O)[O-])cc2[N+](=O)[O-])c([N+](=O)[O-])c1,8.16
O=C1c2ccccc2C(=O)N1Cc1cccc(C=C[N+](=O)[O-])c1,6.83
O=[N+]([O-])C=Cc1ccc(OS(=O)(=O)c2ccc(S(=O)(=O)c3ccc(C=C[N+](=O)[O-])cc3[N+](=O)[O-])c([N+](=O)[O-])c2)c([N+](=O)[O-])c1,10.38
O=C(OCc1cc(=O)n2nc(C3CCCCC3)sc2n1)c1cccc([N+](=O)[O-])c1,7.3
Cc1cc([N+](=O)[O-])c(S(=O)(=O)c2ccc(-c3no[n+]([O-])c3[N+](=O)[O-])cc2)c([N+](=O)[O-])c1,9.21
O=[N+]([O-])C=Cc1ccc(S(=O)(=O)c2ccc(CO[N+](=O)[O-])cc2[N+](=O)[O-])c([N+](=O)[O-])c1,8.59
O=[N+]([O-])C=Cc1ccc(S(=O)(=O)c2ccc([N+](=O)[O-])cc2[N+](=O)[O-])c([N+](=O)[O-])c1,8.06
O=[N+]([O-])CCc1ccc(S(=O)(=O)c2ccc(CO[N+](=O)[O-])cc2[N+](=O)[O-])c([N+](=O)[O-])c1,8.22
O=[N+]([O-])c1ccc(S(=O)(=O)N2CCn3c2nc2ccccc23)c([N+](=O)[O-])c1,7.11
Cc1c(-c2ccc(C=CS(=O)(=O)Oc3ccc([N+](=O)[O-])cc3)cc2)no[n+]1[O-],7.8
O=NN1CCc2cc(S(=O)(=O)N3CCc4cc(NS(=O)(=O)c5ccc([N+](=O)[O-])cc5[N+](=O)[O-])ccc43)ccc21,8.01
O=[N+]([O-])C(=Cc1ccc(Cl)c(Nc2ccc([N+](=O)[O-])cc2[N+](=O)[O-])c1)[N+](=O)[O-],7.45
O=[N+]([O-])c1ccc(Oc2ccc([N+](=O)[O-])cc2[N+](=O)[O-])cc1,7.14
O=[N+]([O-])OCc1ccc(S(=O)(=O)C(=CNc2cccc([N+](=O)[O-])c2)[N+](=O)[O-])cc1,7.08
CC(C)(C)n1nc(C2CCOCC2)nc1CCS(=O)(=O)c1ccc([N+](=O)[O-])cc1,6.95
O=[N+]([O-])C(=Cc1cccc(S(=O)(=O)S(=O)(=O)c2ccc(S(=O)(=O)c3ccccc3[N+](=O)[O-])cc2)c1)[N+](=O)[O-],8.12
O=[N+]([O-])C=Cc1ccc(S(=O)(=O)c2ccc(CC[N+](=O)[O-])cc2[N+](=O)[O-])c([N+](=O)[O-])c1,8.81
O=[N+]([O-])Nc1ccc(-c2nc3ccccc3c3nnc(SCc4cc([N+](=O)[O-])cc([N+](=O)[O-])c4)n23)cc1,8.0
N=S(=O)(c1ccc(S(=O)(=O)Nc2ccc([N+](=O)[O-])cc2[N+](=O)[O-])cc1)c1ccc([N+](=O)[O-])cc1[N+](=O)[O-],8.81
CC(C)Sc1ccc2nn(CC(=O)Nc3cc([N+](=O)[O-])cc([N+](=O)[O-])c3)c(=O)n2n1,7.73
O=[N+]([O-])Nc1ccc(C(=NS(=O)(=O)c2ccc([N+](=O)[O-])cc2[N+](=O)[O-])NS(=O)(=O)c2cc([N+](=O)[O-])ccc2Cl)cc1,8.3
O=[N+]([O-])C=Cc1ccc(S(=O)(=O)c2ccc(C=C[N+](=O)[O-])cc2[N+](=O)[O-])c([N+](=O)[O-])c1,8.8
CN(CC1COc2ccccc2O1)C(=O)c1ccc([N+](=O)[O-])nc1,5.4
O=[N+]([O-])OCc1ccc(-c2no[n+]([O-])c2[N+](=O)[O-])cc1,6.76
COc1ccc(-c2noc(CCC(=O)Nc3nnc(C)s3)n2)cc1,6.36
O=[N+]([O-])C=Cc1ccc(S(=O)(=O)c2ccc([N+](=O)[O-])cc2[N+](=O)[O-])c([N+](=O)[O-])c1,8.76
O=C(CN1C(=O)NC2(CCCC2)C1=O)Nc1ccc([N+](=O)[O-])cc1[N+](=O)[O-],7.24
CC(Sc1nc2ccccc2n1CCO[N+](=O)[O-])C(=O)Nc1ccc([N+](=O)[O-])cc1Cl,6.64
CSC(=NC1CCN(P2(=O)OCCO2)CC1)NS(=O)(=O)c1cccc([N+](=O)[O-])c1,7.75
O=[N+]([O-])C(=C(c1ccccc1)c1ccc(-c2csc(-c3cccc([N+](=O)[O-])c3)n2)cc1)[N+](=O)[O-],8.18
O=[N+]([O-])Nc1ccc(C(=NS(=O)(=O)c2ccc([N+](=O)[O-])cc2[N+](=O)[O-])NS(=O)(=O)c2ccc(I)cc2)cc1,8.23
Cc1c(-c2ccc(S(=O)(=O)ONC(=N)c3ccc([N+](=O)[O-])cc3)cc2)no[n+]1[O-],7.67
O=[N+]([O-])C(=Cc1ccc(-c2no[n+]([O-])c2[N+](=O)[O-])cc1)[N+](=O)[O-],7.08
CCc1nn2c(ncc3c(=O)n(NC(=O)CO[N+](=O)[O-])ccc32)c1-c1ccccc1,5.73
O=[N+]([O-])C=Cc1ccc(S(=O)(=O)c2ccc(CC[N+](=O)[O-])cc2[N+](=O)[O-])c([N+](=O)[O-])c1,8.69
O=[N+]([O-])c1ccc(S(=O)(=O)Nc2ccc(C3OCC([N+](=O)[O-])([N+](=O)[O-])CO3)c([N+](=O)[O-])c2)c([N+](=O)[O-])c1,8.82
O=C(Nc1ccc([N+](=O)[O-])cc1[N+](=O)[O-])C1C(c2ccccc2)=C1c1ccc([N+](=O)[O-])cc1,8.56
O=[N+]([O-])c1ccc(S(=O)(=O)c2ccc(-c3no[n+]([O-])c3Br)cc2)c([N+](=O)[O-])c1,9.18
O=[N+]([O-])C(=CNc1ccc(-c2c([N+](=O)[O-])no[n+]2[O-])cc1)S(=O)(=O)c1ccc(CS(=O)(=O)NO)cc1,8.51
Cc1oc2c(C)c([N+](=O)[O-])ccc2c(=O)c1N1C(=O)c2ccccc2C1=O,6.66
O=[N+]([O-])C=Cc1ccc(S(=O)(=O)c2ccc(CC[N+](=O)[O-])cc2[N+](=O)[O-])c([N+](=O)[O-])c1,8.75
O=[N+]([O-])c1ccc(SCCNS(=O)(=O)c2ccc([N+](=O)[O-])cc2[N+](=O)[O-])c([N+](=O)[O-])c1,7.37
O=[N+]([O-])C=Cc1ccc(S(=O)(=O)c2ccc([N+](=O)[O-])cc2[N+](=O)[O-])c([N+](=O)[O-])c1,8.68
CC(=Cc1cccc(N2N=C(C)CC2=O)c1)[N+](=O)[O-],6.41
O=[N+]([O-])c1ccc(S(=O)(=O)Oc2ccccc2C2OCC([N+](=O)[O-])([N+](=O)[O-])CO2)c([N+](=O)[O-])c1,6.94
CCn1ccc2c(C3OCC([N+](=O)[O-])([N+](=O)[O-])CO3)cccc21,6.21
O=[N+]([O-])C=Cc1ccc(S(=O)(=O)c2ccc([N+](=O)[O-])cc2[N+](=O)[O-])c([N+](=O)[O-])c1,8.83
O=[N+]([O-])OCc1ccc(C(=C([N+](=O)[O-])[N+](=O)[O-])c2ccc([N+](=O)[O-])cc2)cc1,7.01
O=[N+]([O-])c1ccc(C(c2ccc(Sc3ccccc3[N+](=O)[O-])cc2)c2ccc([N+](=O)[O-])cc2)cc1,8.03
CCN(c1ccc(C)c(C)c1)S(=O)(=O)c1ccc(C)cc1[N+](=O)[O-],6.57
O=[N+]([O-])CCc1ccc(S(=O)(=O)c2ccc([N+](=O)[O-])cc2[N+](=O)[O-])c([N+](=O)[O-])c1,8.39
CCCn1c(=O)n(CCC#N)c2cc([N+](=O)[O-])c([N+](=O)[O-])cc21,5.62
O=C(NO)c1c(NS(=O)(=O)c2cc(C=C[N+](=O)[O-])ccc2[N+](=O)[O-])sc2c1CCCC2,6.86
CN(Cc1ccsc1)C(=O)c1cc(NSc2ccc([N+](=O)[O-])cc2[N+](=O)[O-])cc2nc(-c3ccncc3)n(C)c12,7.66
Cc1nn(CC(=O)NC(=S)NN=Cc2cc([N+](=O)[O-])ccc2Cl)c(=O)c2ccccc12,6.38
O=C(CNC(=O)c1cccc(CC[N+](=O)[O-])c1)Nc1ccccc1Br,5.87
O=C1C2C3C=CC(C3)C2C(=O)N1c1ccc(NNS(=O)(=O)c2ccc([N+](=O)[O-])cc2[N+](=O)[O-])cc1,7.97
O=[N+]([O-])C=Cc1ccc([N+](=O)[O-])c(S(=O)(=O)c2ccccc2[N+](=O)[O-])c1,7.3
O=[N+]([O-])C=Cc1cc([N+](=O)[O-])c(S(=O)(=O)c2ccc(S(=O)(=O)c3ccccc3[N+](=O)[O-])cc2)c([N+](=O)[O-])c1,8.85
O=[N+]([O-])c1cc(Cl)ccc1Sc1ccc(-c2c([N+](=O)[O-])no[n+]2[O-])cc1,8.04
O=[N+]([O-])CCc1ccc(S(=O)(=O)c2ccc(CO[N+](=O)[O-])cc2[N+](=O)[O-])c([N+](=O)[O-])c1,8.05
O=[N+]([O-])c1cccc(-c2ccc3c(c2)CCCN3S(=O)(=O)c2ccc(Cl)cc2)c1,7.56
O=c1c2ccccc2n2c(SCc3cc([N+](=O)[O-])cc([N+](=O)[O-])c3)nnc2n1-c1ccccc1[N+](=O)[O-],6.98
O=[N+]([O-])C=Cc1cccc(C2OOC(c3ccc(-c4c([N+](=O)[O-])no[n+]4[O-])cc3)OO2)c1,8.22
O=[N+]([O-])CCc1cccc(S(=O)(=O)CS(=O)(=O)c2ccc(-c3c([N+](=O)[O-])no[n+]3[O-])cc2)c1,7.8
CCCN1C(=O)NC(Cc2ccc([N+](=O)[O-])cc2)(C2CCN(S(=O)(=O)c3ccccc3[N+](=O)[O-])CC2)C1=O,8.72
CS(=O)CCC(C(=O)NS(=O)(=O)c1ccc(N[N+](=O)[O-])cc1)N1C(=O)C2CC=CCC2C1=O,7.04
Cc1ccc(-n2c(Sc3ccccc3[N+](=O)[O-])nnc2-c2cccc(C=C([N+](=O)[O-])[N+](=O)[O-])c2)cc1,7.53
O=[N+]([O-])C=Cc1ccc(S(=O)(=O)c2ccc(S(=O)(=O)C(Cl)(Cl)Br)cc2[N+](=O)[O-])c([N+](=O)[O-])c1,9.09
O=[N+]([O-])C=Cc1ccc(OS(=O)(=O)c2ccc([N+](=O)[O-])c([N+](=O)[O-])c2)c([N+](=O)[O-])c1,8.31
O=C(Nc1ccc([N+](=O)[O-])cc1Br)C(Cc1ccccc1)N1C(=O)c2ccccc2C1=O,7.29
O=[N+]([O-])Nc1ccc(P(c2ccccc2)c2ccc([N+](=O)[O-])c([N+](=O)[O-])c2)cc1,8.02
CC1(C)Oc2ccc(C3OOC(c4ccccc4[N+](=O)[O-])OO3)cc2N(Cc2cc(CO[N+](=O)[O-])ccc2[N+](=O)[O-])C1=O,8.0
O=[N+]([O-])c1ccc(Oc2cc([N+](=O)[O-])c([N+](=O)[O-])cc2[N+](=O)[O-])cc1NS(=O)(=O)c1ccc(-c2no[n+]([O-])c2[N+](=O)[O-])cc1,8.15
O=[N+]([O-])C=Cc1ccc(S(=O)(=O)c2ccc([N+](=O)[O-])cc2[N+](=O)[O-])c([N+](=O)[O-])c1,8.85
O=C(c1ccc(Oc2ccccc2[N+](=O)[O-])nc1)c1cc([N+](=O)[O-])cc([N+](=O)[O-])c1,8.11
O=C(Nc1ccc([N+](=O)[O-])cc1Br)C(c1ccccc1)N(C(=O)Cc1ccccc1[N+](=O)[O-])c1cccc(C=C([N+](=O)[O-])[N+](=O)[O-])c1,7.71
O=C(Oc1c([N+](=O)[O-])cc(C=C[N+](=O)[O-])cc1[N+](=O)[O-])c1cc([N+](=O)[O-])cc([N+](=O)[O-])c1,7.82
O=[N+]([O-])c1ccc(S(=O)(=O)c2ccc(-c3no[n+]([O-])c3[N+](=O)[O-])cc2)c([N+](=O)[O-])c1,9.41
O=C(Nc1cc([N+](=O)[O-])ccc1[N+](=O)[O-])c1cc([N+](=O)[O-])cc([N+](=O)[O-])c1,7.21
NS(=O)(=O)N(Cc1ccc(N[N+](=O)[O-])cc1)Cc1cc2cc(S(=O)(=O)N(Cl)Cl)ccc2[nH]c1=O,7.4
O=[N+]([O-])C=Cc1ccc(S(=O)(=O)c2ccc([N+](=O)[O-])cc2[N+](=O)[O-])c([N+](=O)[O-])c1,8.75
O=[N+]([O-])c1cc(CN(CCc2ccccc2)S(=O)(=O)c2ccccc2[N+](=O)[O-])cc([N+](=O)[O-])c1,7.52
CN(Cc1cc([N+](=O)[O-])no1)C(=O)c1n[nH]c2ccc([N+](=O)[O-])cc12,6.82
O=[N+]([O-])OCc1ccc(S(=O)(=O)c2c([N+](=O)[O-])cc(NS(=O)(=O)c3ccc([N+](=O)[O-])cc3[N+](=O)[O-])cc2[N+](=O)[O-])cc1,9.08
O=C(c1cc([N+](=O)[O-])cc([N+](=O)[O-])c1)N1CCn2c(nnc2C2CCN(P3(=O)OCCO3)CC2)C1,8.63
O=[N+]([O-])CCc1ccc(S(=O)c2ccc([N+](=O)[O-])cc2[N+](=O)[O-])c([N+](=O)[O-])c1,7.96
O=[N+]([O-])c1ccc(S(=O)(=O)NC(=NS(=O)(=O)c2ccccc2[N+](=O)[O-])c2ccccc2)c([N+](=O)[O-])c1,7.76
O=C(Nc1ccc(CO[N+](=O)[O-])cc1[N+](=O)[O-])C(Cc1ccccc1)Nc1ccc([N+](=O)[O-])cc1[N+](=O)[O-],7.99
CCNC(=O)C(Cc1ccccc1)N(Cc1cccc([N+](=O)[O-])c1)C(=O)CON=Cc1ccc([N+](=O)[O-])cc1,6.07
C=C1c2cc3c(cc2CCN1C(=O)c1ccc(S(=O)(=O)c2c([N+](=O)[O-])cccc2[N+](=O)[O-])cc1)OCO3,7.29
O=C(Nc1cc([N+](=O)[O-])ccc1Cl)c1ccc([N+](=O)[O-])cc1,7.28
O=[N+]([O-])c1cccc(OP(=O)(N2CCOCC2)N2CCN(c3cc([N+](=O)[O-])ccc3[N+](=O)[O-])CC2)c1,7.51
O=[N+]([O-])c1no[n+]([O-])c1-c1ccc(C2OCC([N+](=O)[O-])([N+](=O)[O-])CO2)cc1,8.0
CC(C)(C)Oc1ncc(-c2cccc(Cl)c2)c(C2CCCCN2C(=O)Cc2ccc([N+](=O)[O-])cc2)n1,6.48
O=[N+]([O-])c1cc(-c2ccc(-c3c([N+](=O)[O-])no[n+]3[O-])cc2)cc([N+](=O)[O-])c1,7.81
O=S(=O)(c1ccc(-c2no[n+]([O-])c2-c2ccc(Cl)cc2)cc1)c1c(-c2ccccc2)no[n+]1[O-],8.2
O=C(NC(=S)Nc1cc([N+](=O)[O-])cc([N+](=O)[O-])c1)c1cnc2sc(N3CCCCCC3)nn2c1=O,7.68
O=[N+]([O-])c1ccc(S(=O)(=O)Oc2ccc(C3OOC(c4cccc(Sc5ccc(Cl)cc5[N+](=O)[O-])c4)OO3)cc2)c([N+](=O)[O-])c1,9.15
O=[N+]([O-])c1ccc(C=NNS(=O)(=O)c2ccc([N+](=O)[O-])c(C3SCCCS3)c2)c([N+](=O)[O-])c1,7.85
O=C(C=Cc1ccc([N+](=O)[O-])cc1[N+](=O)[O-])c1cc(C=C[N+](=O)[O-])cc([N+](=O)[O-])c1,8.96
O=[N+]([O-])C=Cc1cc(C=C[N+](=O)[O-])cc(C2OCC3C(c4ccc([N+](=O)[O-])c([N+](=O)[O-])c4)OCC23)c1,8.32
O=[N+]([O-])c1ccc(S(=O)(=O)Nc2ccc([N+](=O)[O-])c([N+](=O)[O-])c2)c([N+](=O)[O-])c1,7.81
O=c1n(Cc2cccc(CC[N+](=O)[O-])c2)nc2ccc(S(=O)(=O)c3ccc([N+](=O)[O-])cc3[N+](=O)[O-])cn12,7.77
O=[N+]([O-])CCc1ccc(S(=O)(=O)c2ccc([N+](=O)[O-])cc2[N+](=O)[O-])c([N+](=O)[O-])c1,8.64
O=[N+]([O-])C=Cc1cc(-c2cc(C=C([N+](=O)[O-])[N+](=O)[O-])cc(-c3cc([N+](=O)[O-])cc([N+](=O)[O-])c3)c2)cc([N+](=O)[O-])c1,9.46
COc1ccc(S(=O)(=O)CCCC(=O)Nc2ccc([N+](=O)[O-])cc2[N+](=O)[O-])cc1,7.8
Cn1ccnc1-c1nc2cc(S(=O)(=O)c3ccc([N+](=O)[O-])cc3[N+](=O)[O-])ccc2n1C,7.76
O=C1CN(Cc2ccc(N[N+](=O)[O-])cc2)C(=O)c2ccccc2N1,6.28
O=Cc1cc2c(n(-c3ccccc3)c1=O)CCCC2=O,5.4
Cc1cc([N+](=O)[O-])c(S(=O)(=O)c2ccc(-c3no[n+]([O-])c3[N+](=O)[O-])cc2)c([N+](=O)[O-])c1,9.11
O=[N+]([O-])C=Cc1ccc(S(=O)(=O)NNS(=O)(=O)c2ccc(N[N+](=O)[O-])cc2)c(Br)c1,7.47
Cc1ccc(S(=O)(=O)c2ccc([N+](=O)[O-])cc2[N+](=O)[O-])cc1S(=O)(=O)Nc1ccccc1[N+](=O)[O-],7.67
O=[N+]([O-])C(=Cc1cccc(S(=O)(=O)Nc2ccc([N+](=O)[O-])cc2[N+](=O)[O-])c1)[N+](=O)[O-],8.01
BrC(Br)(Br)c1ccc2cc3c(cc2n1)OCCO3,5.8
Cc1c(S(=O)(=O)c2ccc(C(=C([N+](=O)[O-])[N+](=O)[O-])c3ccc(Cl)cc3)cc2)no[n+]1[O-],7.62
O=[N+]([O-])c1ccc(S(=O)(=O)c2no[n+]([O-])c2S(=O)(=O)c2ccc([N+](=O)[O-])c([N+](=O)[O-])c2)cc1,8.19
Cc1ccc(N(CCCNS(=O)(=O)c2ccc([N+](=O)[O-])cc2[N+](=O)[O-])S(=O)(=O)c2ccccc2[N+](=O)[O-])cc1,6.83
O=[N+]([O-])c1ccc(S(=O)(=O)c2c(S(=O)(=O)c3ccccc3)no[n+]2[O-])cc1[N+](=O)[O-],8.18
O=[N+]([O-])c1cccc(S(=O)(=O)c2no[n+]([O-])c2S(=O)(=O)c2cccc([N+](=O)[O-])c2)c1,7.83
CCOc1ccc(S(=O)(=O)c2no[n+]([O-])c2S(=O)(=O)c2ccc(-c3no[n+]([O-])c3N)cc2)cc1C,8.07
O=c1c2cc([N+](=O)[O-])ccc2ncn1Cc1ccc(-c2c([N+](=O)[O-])no[n+]2[O-])cc1,8.48
Cc1c(C(=O)OCCCO[N+](=O)[O-])c(C)n(CC(=O)Nc2ccc([N+](=O)[O-])cc2[N+](=O)[O-])c1-c1ccccc1,6.49
O=C(CCCP(c1ccccc1)c1ccc([N+](=O)[O-])cc1)NC(=S)NNS(=O)(=O)c1ccc(N[N+](=O)[O-])cc1,6.68
O=[N+]([O-])c1ccc(Oc2cc(Oc3cc(Cl)c([N+](=O)[O-])cc3[N+](=O)[O-])ccc2[N+](=O)[O-])c([N+](=O)[O-])c1,7.88
C=CC=C(C=CCBr)C1(C(=O)Nc2ccc(C=C[N+](=O)[O-])cc2)CCOCC1,6.51
O=[N+]([O-])C=Cc1ccc(S(=O)(=O)c2ccc(CC[N+](=O)[O-])cc2[N+](=O)[O-])c([N+](=O)[O-])c1,8.81
O=[N+]([O-])c1ccc(S(=O)(=O)CN(Cc2ccccc2)CS(=O)(=O)c2ccc([N+](=O)[O-])cc2[N+](=O)[O-])c([N+](=O)[O-])c1,8.04
O=[N+]([O-])c1ccc(OS(=O)(=O)c2ccc([N+](=O)[O-])c(Sc3ccc(-c4no[n+]([O-])c4[N+](=O)[O-])cc3)c2)c([N+](=O)[O-])c1,9.48
O=NN1CCCC(c2cncc(-c3cccc(CC[N+](=O)[O-])c3)n2)C1,7.37
O=C(NCc1cccc(CC[N+](=O)[O-])c1)c1cc(C(=O)c2cccc([N+](=O)[O-])c2)cc([N+](=O)[O-])c1,8.46
CCN1CC2(CCN(S(=O)(=O)c3ccc4[nH]c(=O)c(=O)[nH]c4c3)CC2)CC1=O,6.62
O=C(c1cc([N+](=O)[O-])cc([N+](=O)[O-])c1)N1CCC(Cc2nc(-c3ccc(CO[N+](=O)[O-])cc3)no2)CC1,8.23
COC(=O)c1cn(C(=O)CCc2ccc([N+](=O)[O-])cc2)c2ccccc12,6.81
O=[N+]([O-])CCc1ccc(S(=O)(=O)c2ccc([N+](=O)[O-])cc2[N+](=O)[O-])c([N+](=O)[O-])c1,8.25
O=[N+]([O-])c1ccccc1S(=O)(=O)N=C(NS(=O)(=O)c1ccc(CS(=O)(=O)O)cc1)c1ccc(-c2c(Br)no[n+]2[O-])cc1,8.54
CN(NS(=O)(=O)c1ccc(C=C[N+](=O)[O-])cc1[N+](=O)[O-])S(=O)(=O)c1ccc(N[N+](=O)[O-])cc1,7.67
CC1(C)Cc2nc(N3CCOCC3)ncc2C(NC(=O)c2cc(Cl)ccc2[N+](=O)[O-])C1,7.17
O=C(c1ccccc1[N+](=O)[O-])N(c1cc2sc(=O)oc2c2ccccc12)S(=O)(=O)c1cccc2cccnc12,6.93
O=[N+]([O-])C(=Cc1ccc(C2(c3ccc(-c4c([N+](=O)[O-])no[n+]4[O-])cc3)OS(=O)OC2(c2ccccc2)c2ccc(C(Cl)(Cl)Cl)cc2)cc1)[N+](=O)[O-],8.47
O=[N+]([O-])c1cccc(Nc2ccc(Sc3ccc([N+](=O)[O-])cc3[N+](=O)[O-])c([N+](=O)[O-])c2)c1,8.22
O=C(c1ccc(C=C[N+](=O)[O-])cc1[N+](=O)[O-])N1CCCC(Cc2ccc([N+](=O)[O-])cc2[N+](=O)[O-])(C(=O)NCc2ccco2)C1,8.24
CS(=O)CCC(C(=O)Nc1cccc([N+](=O)[O-])c1)N(Cc1ccco1)C(=O)Cc1ccc([N+](=O)[O-])cc1,6.02
O=C(CSc1ccc([N+](=O)[O-])cc1[N+](=O)[O-])N1c2ccccc2Sc2ccccc21,7.5
COc1ccc(N2CCN(C(=O)Cc3ccccc3[N+](=O)[O-])C(C)C2)cc1,6.6
O=[N+]([O-])C=Cc1ccc(S(=O)(=O)c2ccc(C=C[N+](=O)[O-])cc2[N+](=O)[O-])c([N+](=O)[O-])c1,9.06
O=[N+]([O-])c1ccc(S(=O)(=O)SCc2ccccc2CSc2ccc(Cl)cc2[N+](=O)[O-])cc1,7.98
O=[N+]([O-])c1ccc(Sc2ccc([N+](=O)[O-])cc2[N+](=O)[O-])c([N+](=O)[O-])c1,7.99
O=[N+]([O-])C=Cc1ccc(S(=O)(=O)c2ccc(CO[N+](=O)[O-])cc2[N+](=O)[O-])c([N+](=O)[O-])c1,8.8
Cc1c(C)n(Cc2cccnc2)c2ncn3nc(-c4cccnc4)nc3c12,5.59
O=[N+]([O-])C=Cc1ccc(S(=O)(=O)c2ccc(CO[N+](=O)[O-])cc2[N+](=O)[O-])c([N+](=O)[O-])c1,8.34
O=[N+]([O-])CCc1ccc(S(=O)(=O)c2ccc(CO[N+](=O)[O-])cc2[N+](=O)[O-])c([N+](=O)[O-])c1,8.32
O=[N+]([O-])C=Cc1ccc(S(=O)(=O)c2ccc(CC[N+](=O)[O-])cc2[N+](=O)[O-])c([N+](=O)[O-])c1,8.91
O=[N+]([O-])c1cc(CN(Cc2ccccc2)S(=O)(=O)c2ccc([N+](=O)[O-])cc2[N+](=O)[O-])cc([N+](=O)[O-])c1,8.31
O=[N+]([O-])c1ccc(Sc2ccc([N+](=O)[O-])cc2[N+](=O)[O-])c([N+](=O)[O-])c1,7.98
O=[N+]([O-])OCC1CN(c2ncnc3ccccc23)CCO1,5.34
CCN1CCOc2ccc(NS(=O)(=O)c3ccc(CC[N+](=O)[O-])cc3[N+](=O)[O-])cc2C1=O,7.17
O=C(Nc1ccc([N+](=O)[O-])cc1Br)c1cc(C(=O)Nc2ccc(Br)cc2[N+](=O)[O-])cc([N+](=O)[O-])c1,8.19
NS(=O)(=O)c1ccc(P(=O)(Oc2ccc([N+](=O)[O-])cc2[N+](=O)[O-])c2cccc([N+](=O)[O-])c2)cc1[N+](=O)[O-],8.03
O=[N+]([O-])CCc1ccc([N+](=O)[O-])c(S(=O)(=O)N2CCC(NS(=O)(=O)c3ccc([N+](=O)[O-])cc3[N+](=O)[O-])CC2)c1,8.06
O=[N+]([O-])c1no[n+]([O-])c1-c1ccc(S(=O)(=O)c2no[n+]([O-])c2S(=O)(=O)c2ccccc2)cc1,8.37
O=C(c1ccccc1S(=O)(=O)NO)N1CCCCC1CSc1ccc([N+](=O)[O-])cc1,6.62
O=[N+]([O-])C=Cc1cc(-c2cc([N+](=O)[O-])cc([N+](=O)[O-])c2)cc([N+](=O)[O-])c1,8.21
CN(NS(=O)(=O)c1ccccc1[N+](=O)[O-])S(=O)(=O)c1ccc(N[N+](=O)[O-])cc1,6.75
O=[N+]([O-])C=Cc1ccc(S(=O)(=O)N(O)c2ccc([N+](=O)[O-])c([N+](=O)[O-])c2)c([N+](=O)[O-])c1,8.08
O=[N+]([O-])C(=C(c1ccccc1)c1ccc(S(=O)(=O)Oc2ccc([N+](=O)[O-])cc2Cl)cc1)[N+](=O)[O-],8.17
O=C(Nc1ccc(CO[N+](=O)[O-])cc1Oc1ccc([N+](=O)[O-])cc1[N+](=O)[O-])c1cc(COc2cncc([N+](=O)[O-])c2)on1,6.92
O=C1CN(C(=O)c2ccc(Cl)cc2[N+](=O)[O-])CCN1Cc1cccc([N+](=O)[O-])c1,7.77
CN1CC2(CCN(S(=O)(=O)c3ccc([N+](=O)[O-])cc3[N+](=O)[O-])CC2)c2ncncc2C1=O,7.25
O=[N+]([O-])CCc1ccc(S(=O)(=O)c2ccc([N+](=O)[O-])cc2[N+](=O)[O-])c([N+](=O)[O-])c1,8.58
O=[N+]([O-])Nc1ccc(S(=O)(=O)c2c(S(=O)(=O)c3ccccc3)no[n+]2[O-])cc1,7.34
O=[N+]([O-])CCc1ccc(S(=O)(=O)c2ccc([N+](=O)[O-])cc2[N+](=O)[O-])c([N+](=O)[O-])c1,8.4
O=[N+]([O-])c1cccc(P(=O)(Oc2ccccc2[N+](=O)[O-])c2cccc([N+](=O)[O-])c2)c1,7.14
O=[N+]([O-])C=Cc1ccc(S(=O)(=O)c2ccc(CO[N+](=O)[O-])cc2[N+](=O)[O-])c([N+](=O)[O-])c1,8.75
O=[N+]([O-])C=Cc1cc([N+](=O)[O-])c(NS(=O)(=O)c2ccc(CC[N+](=O)[O-])cc2[N+](=O)[O-])c([N+](=O)[O-])c1,8.66
O=[N+]([O-])C=Cc1cccc(CCN(S(=O)(=O)c2ccccc2)S(=O)(=O)c2ccc([N+](=O)[O-])cc2[N+](=O)[O-])c1,6.98
O=[N+]([O-])C=Cc1cc(-c2cc(C=C[N+](=O)[O-])cc([N+](=O)[O-])c2)cc([N+](=O)[O-])c1,8.24
Cc1noc2nc(-c3cnn(C)c3)cc(C(=O)Nc3cccc(C=C[N+](=O)[O-])c3)c12,6.94
C=CCN(c1cc([N+](=O)[O-])ccc1Br)S(=O)(=O)c1ccc([N+](=O)[O-])cc1[N+](=O)[O-],7.35
O=[N+]([O-])CCc1ccc(S(=O)(=O)c2ccc(CC[N+](=O)[O-])cc2[N+](=O)[O-])c([N+](=O)[O-])c1,8.59
O=[N+]([O-])OCc1ccc(S(=O)(=O)c2ccc([N+](=O)[O-])cc2[N+](=O)[O-])c([N+](=O)[O-])c1,8.23
O=[N+]([O-])C=Cc1cc(-c2cc(C=C[N+](=O)[O-])cc([N+](=O)[O-])c2)cc([N+](=O)[O-])c1,8.28
O=C1NCC2(CCN(C(=S)Nc3cc4c(Cl)cc(=O)oc4cc3Cl)CC2)O1,7.25
O=[N+]([O-])CCc1ccc(S(=O)(=O)c2ccc(CC[N+](=O)[O-])cc2[N+](=O)[O-])c([N+](=O)[O-])c1,8.75
O=C(c1cc([N+](=O)[O-])cc([N+](=O)[O-])c1)N1CCOC(c2nc(CI)cs2)C1,7.16
O=[N+]([O-])CCc1ccc(SCCNS(=O)(=O)c2ccccc2[N+](=O)[O-])c([N+](=O)[O-])c1,7.23
O=[N+]([O-])C(=Cc1cccc(SS(=O)(=O)c2ccc(S(=O)(=O)c3ccc([N+](=O)[O-])cc3[N+](=O)[O-])cc2)c1)[N+](=O)[O-],8.47
O=[N+]([O-])C(=CNc1ccc(S(=O)(=O)NC2CCCC2)c([N+](=O)[O-])c1)S(=O)(=O)c1ccc(-c2no[n+]([O-])c2[N+](=O)[O-])cc1,8.09
O=[N+]([O-])CCc1ccc(S(=O)(=O)c2ccc(CO[N+](=O)[O-])cc2[N+](=O)[O-])c([N+](=O)[O-])c1,8.33
O=C(Oc1c(Br)cc([N+](=O)[O-])cc1[N+](=O)[O-])c1cc(C=C[N+](=O)[O-])cc([N+](=O)[O-])c1,7.92
O=C(NC1CC(=O)N(Cc2ccc(-c3no[n+]([O-])c3[N+](=O)[O-])cc2)C1)c1cc([N+](=O)[O-])ccc1[N+](=O)[O-],7.19
Cn1c(=NC(=O)c2ccc(-c3no[n+]([O-])c3[N+](=O)[O-])cc2)sc2cc3c(cc21)OCCO3,7.52
O=[N+]([O-])C=Cc1ccc(S(=O)(=O)c2ccc(CO[N+](=O)[O-])cc2[N+](=O)[O-])c([N+](=O)[O-])c1,8.34
Cc1c([N+](=O)[O-])ccc2c1oc(=O)c1cc([N+](=O)[O-])ccc12,6.78
O=[N+]([O-])c1ccc(S(=O)(=O)c2ccc(-c3no[n+]([O-])c3[N+](=O)[O-])cc2)c([N+](=O)[O-])c1,9.61
Cc1nc(Oc2cc([N+](=O)[O-])cc([N+](=O)[O-])c2)nc2c1CCC(=O)N2Cc1ccc(-c2c([N+](=O)[O-])no[n+]2[O-])cc1,8.82
O=[N+]([O-])c1ccc(C2OOC(c3ccc(-c4c([N+](=O)[O-])no[n+]4[O-])cc3)OO2)cc1[N+](=O)[O-],8.25
O=[N+]([O-])c1ccc(S(=O)(=O)c2ccc3[nH]c([N+](=O)[O-])nc3c2)c([N+](=O)[O-])c1,8.52
O=[N+]([O-])OCc1ccc(CN(Cc2ccccc2)S(=O)(=O)c2ccc(Cl)cc2)cc1,7.02
O=[N+]([O-])C=Cc1ccc(S(=O)(=O)c2ccc(CO[N+](=O)[O-])cc2[N+](=O)[O-])c([N+](=O)[O-])c1,8.62
O=[N+]([O-])CCc1ccc(S(=O)(=O)c2ccc([N+](=O)[O-])cc2[N+](=O)[O-])c([N+](=O)[O-])c1,8.47
CN(Cc1cc(C=C[N+](=O)[O-])cc([N+](=O)[O-])c1)S(=O)(=O)c1ccc([N+](=O)[O-])cc1[N+](=O)[O-],8.53
O=[N+]([O-])C=Cc1ccc(S(=O)(=O)c2ccc(CC[N+](=O)[O-])cc2[N+](=O)[O-])c([N+](=O)[O-])c1,8.69
O=[N+]([O-])c1ccc(S(=O)(=O)c2c(S(=O)(=O)c3ccc(-c4no[n+]([O-])c4[N+](=O)[O-])cc3)no[n+]2[O-])cc1,8.39
O=[N+]([O-])c1cccc([N+](=O)[O-])c1S(=O)(=O)c1ccc(-c2c([N+](=O)[O-])no[n+]2[O-])cc1,8.28
O=[N+]([O-])c1ccc(S(=O)(=O)N(c2ccccc2)S(=O)(=O)c2ccc(S(=O)(=O)O)c([N+](=O)[O-])c2)cc1,6.87
O=[N+]([O-])C(=Cc1ccccc1)C(=Cc1ccc(-c2no[n+]([O-])c2[N+](=O)[O-])cc1)[N+](=O)[O-],8.62
O=[N+]([O-])CCc1ccc(S(=O)(=O)c2ccc([N+](=O)[O-])cc2[N+](=O)[O-])c([N+](=O)[O-])c1,7.96
O=[N+]([O-])c1ccc(C=Cc2ccccc2S(=O)(=O)c2ccc(Cl)cc2[N+](=O)[O-])c([N+](=O)[O-])c1,7.67
O=[N+]([O-])c1ccc(Nc2cccc(-c3ccccc3[N+](=O)[O-])c2)c([N+](=O)[O-])c1,7.73
O=[N+]([O-])C(=CNc1cccc(SSc2cccc([N+](=O)[O-])c2)c1)S(=O)(=O)c1ccccc1,8.04
Cc1cc(C=C[N+](=O)[O-])cc(C2CCN(S(=O)(=O)c3ccc([N+](=O)[O-])cc3[N+](=O)[O-])CC2)n1,8.41
O=S(=O)(c1ccccc1)c1no[n+]([O-])c1S(=O)(=O)c1ccccc1,6.76
O=C(CN1c2cccnc2-n2cccc2C12CCN(C(=O)c1cc(Cl)ccc1[N+](=O)[O-])C2)NO,6.88
O=C(c1cc([N+](=O)[O-])c2cc(S(=O)(=O)c3ccc([N+](=O)[O-])cc3[N+](=O)[O-])ccc2n1)C(Br)Br,8.83
O=[N+]([O-])CCc1ccc(S(=O)(=O)c2ccc(CO[N+](=O)[O-])cc2[N+](=O)[O-])c([N+](=O)[O-])c1,8.57
Cc1cc(C=Cc2ccc([N+](=O)[O-])cc2[N+](=O)[O-])cc([N+](=O)[O-])c1[N+](=O)[O-],7.1
O=[N+]([O-])CCc1ccc(S(=O)(=O)c2ccc([N+](=O)[O-])cc2[N+](=O)[O-])c([N+](=O)[O-])c1,8.36
O=C(Nc1ccccc1[N+](=O)[O-])NC1(C(=O)N2CCCCC2)CCCCC1,6.79
O=C(c1cc([N+](=O)[O-])cc([N+](=O)[O-])c1)N1CCCC(c2cccc([N+](=O)[O-])n2)C1,8.24
O=[N+]([O-])c1cc([N+](=O)[O-])cc([N+](=O)[O-])c1,5.88
O=[N+]([O-])CCc1ccc(S(=O)(=O)N(Cc2ccco2)Cc2ccccc2[N+](=O)[O-])c([N+](=O)[O-])c1,7.57
Cn1c(=O)c2ccccc2n2c(CSc3nccn3-c3ccccc3[N+](=O)[O-])nnc12,6.78
O=[N+]([O-])CCc1ccc(S(=O)(=O)c2ccc(CC[N+](=O)[O-])cc2[N+](=O)[O-])c([N+](=O)[O-])c1,8.62
O=[N+]([O-])C=Cc1ccc(S(=O)(=O)N2CCN(C=NS(=O)(=O)c3ccccc3)CC2)c([N+](=O)[O-])c1,8.1
O=C(c1ccc([N+](=O)[O-])cc1)c1cc([N+](=O)[O-])c([N+](=O)[O-])cc1SSc1ccc([N+](=O)[O-])cc1[N+](=O)[O-],7.83
O=[N+]([O-])CCc1ccc(S(=O)(=O)c2ccc(CC[N+](=O)[O-])cc2[N+](=O)[O-])c([N+](=O)[O-])c1,8.51
O=[N+]([O-])C=Cc1ccc(S(=O)(=O)c2ccc(CO[N+](=O)[O-])cc2[N+](=O)[O-])c([N+](=O)[O-])c1,8.52
Nc1no[n+]([O-])c1-c1ccc(S(=O)(=O)N2CCCc3cc(Oc4cc(Cl)c([N+](=O)[O-])cc4[N+](=O)[O-])ccc32)cc1,8.39
Cc1ccc(C(=O)NS(=O)(=O)c2ccc([N+](=O)[O-])cc2[N+](=O)[O-])cc1S(=O)(=O)Nc1ccc([N+](=O)[O-])cc1,7.08
Cc1ccc(OCCCCC=Cc2ccc([N+](=O)[O-])cc2[N+](=O)[O-])c([N+](=O)[O-])c1,6.61
O=C(c1cc([N+](=O)[O-])cc([N+](=O)[O-])c1)c1cc([N+](=O)[O-])cc([N+](=O)[O-])c1,8.39
O=C(c1cc([N+](=O)[O-])cc([N+](=O)[O-])c1)N1CCN(c2cc(Nc3ccccn3)ncn2)CC1,7.97
O=[N+]([O-])C1([N+](=O)[O-])COCOC1,4.44
NC(=S)Nc1ccc(CO[N+](=O)[O-])cc1,4.99
O=C(NC(NC(=O)c1cc([N+](=O)[O-])cc([N+](=O)[O-])c1)c1cccc([N+](=O)[O-])c1)c1cc(C=C[N+](=O)[O-])cc([N+](=O)[O-])c1,8.3
O=[N+]([O-])C=Cc1ccc(S(=O)(=O)c2ccc(CC[N+](=O)[O-])cc2[N+](=O)[O-])c([N+](=O)[O-])c1,8.7
O=c1[nH]c2cc([N+](=O)[O-])ccc2cc1CCC=NNS(=O)(=O)c1ccc([N+](=O)[O-])cc1,7.17
O=[N+]([O-])c1cc(NS(=O)(=O)c2ccc([N+](=O)[O-])cc2[N+](=O)[O-])cc([N+](=O)[O-])c1,7.95
CN1C(=O)N(Cc2cccc([N+](=O)[O-])c2)C(=O)C12CCCCC2,6.45
O=[N+]([O-])C=Cc1cccc(N2CCN(S(=O)(=O)c3ccc(CO[N+](=O)[O-])cc3[N+](=O)[O-])CC2)c1,8.01
O=[N+]([O-])OCc1ccc(S(=O)(=O)c2ccc(CO[N+](=O)[O-])cc2[N+](=O)[O-])c([N+](=O)[O-])c1,8.19
O=C(COc1cc(Cl)nc2ccccc12)N1CCCC(Oc2ccc([N+](=O)[O-])cc2[N+](=O)[O-])CC1,6.5
O=[N+]([O-])OCc1ccc(S(=O)(=O)N=C(Nc2cccc([N+](=O)[O-])c2)c2ccccc2)c([N+](=O)[O-])c1,8.97
O=[N+]([O-])c1cccc(NC(=NS(=O)(=O)c2ccccc2[N+](=O)[O-])c2ccccc2)c1,7.17
O=C1CC(c2ccc(-c3no[n+]([O-])c3[N+](=O)[O-])cc2)c2cc3c(cc2N1)CCC3,7.75
O=C(CSC1=Nc2cccnc2Nc2ccccc21)NNS(=O)(=O)c1ccc([N+](=O)[O-])cc1,5.95
O=[N+]([O-])CCc1ccc(Oc2cc([N+](=O)[O-])c([N+](=O)[O-])cc2[N+](=O)[O-])c([N+](=O)[O-])c1,7.73
O=[N+]([O-])c1cccc(S(=O)(=O)c2c(S(=O)(=O)c3ccccc3)no[n+]2[O-])c1,8.14
O=[N+]([O-])C=Cc1ccc(S(=O)(=O)c2ccc(CO[N+](=O)[O-])cc2[N+](=O)[O-])c([N+](=O)[O-])c1,8.65
O=[N+]([O-])c1ccccc1S(=O)(=O)N=C(NS(=O)(=O)c1ccccc1[N+](=O)[O-])c1ccccc1,7.16
O=[N+]([O-])c1ccc(S(=O)(=O)NCCSc2nnc(Cc3ccccc3)n2-c2ccccc2[N+](=O)[O-])c([N+](=O)[O-])c1,7.36
O=C(NC(Cc1ccccn1)C1CCC1)c1cc([N+](=O)[O-])cc([N+](=O)[O-])c1,6.82
Cn1c(=O)c2c(SCC(=O)Nc3ccc([N+](=O)[O-])cc3[N+](=O)[O-])c(CC[N+](=O)[O-])cnc2n(C)c1=O,7.37
O=C(CSc1c(S(=O)(=O)c2ccc(CO[N+](=O)[O-])cc2)no[n+]1[O-])N1CCc2ccccc2C1,7.04
O=[N+]([O-])C=Cc1ccc(OS(=O)(=O)c2c([N+](=O)[O-])cccc2[N+](=O)[O-])c([N+](=O)[O-])c1,7.69
CS(=O)(=O)N(CC(=O)Nc1cc([N+](=O)[O-])ccc1Cl)c1ccc(-c2no[n+]([O-])c2[N+](=O)[O-])cc1,8.0
O=C(CC1(n2cccc2)CCSCC1)Nc1ccc([N+](=O)[O-])cc1[N+](=O)[O-],6.92
O=C(Cc1ccc(-c2no[n+]([O-])c2-c2ccc([N+](=O)[O-])cc2)cc1)[N+](=O)[O-],7.15
O=[N+]([O-])OCc1ccc(S(=O)(=O)c2ccc([N+](=O)[O-])cc2[N+](=O)[O-])cc1,7.57
O=[N+]([O-])OCc1ccc(S(=O)(=O)c2ccc([N+](=O)[O-])cc2Oc2ccc([N+](=O)[O-])cc2[N+](=O)[O-])c([N+](=O)[O-])c1,8.29
O=[N+]([O-])CCc1ccc(S(=O)(=O)c2ccc([N+](=O)[O-])cc2[N+](=O)[O-])c([N+](=O)[O-])c1,7.44
O=C(Nc1cc(C2OCCCO2)cc([N+](=O)[O-])c1)c1ccc2nc(SC3CCOC3=O)sc2c1,7.11
O=[N+]([O-])c1c(-c2ccc(-c3no[n+]([O-])c3[N+](=O)[O-])cc2)no[n+]1[O-],7.74
O=[N+]([O-])c1ccc(S(=O)(=O)c2no[n+]([O-])c2S(=O)(=O)c2ccc([N+](=O)[O-])c([N+](=O)[O-])c2)cc1[N+](=O)[O-],8.31
O=C(CCO[N+](=O)[O-])c1cc2ccc([N+](=O)[O-])cc2c(=O)s1,7.84
O=C(c1cc([N+](=O)[O-])cc([N+](=O)[O-])c1)c1cc([N+](=O)[O-])cc([N+](=O)[O-])c1,8.32
O=[N+]([O-])c1cc(-c2cncnc2-c2ccc([N+](=O)[O-])o2)on1,6.13
O=[N+]([O-])c1ccc(S(=O)(=O)c2no[n+]([O-])c2S(=O)(=O)c2ccc(C3CO3)cc2)cc1,7.11
O=C(c1cccc([N+](=O)[O-])c1)N1CCC(c2ccc3c(c2)OCO3)C(O)C1,6.83
O=[N+]([O-])c1ccc(Sc2ccc([N+](=O)[O-])cc2[N+](=O)[O-])c([N+](=O)[O-])c1,7.97
Cc1ccc2cccc(NC(=O)c3ccc(-c4no[n+]([O-])c4[N+](=O)[O-])cc3)c2n1,7.46
O=C(c1cc([N+](=O)[O-])cc([N+](=O)[O-])c1)c1cc([N+](=O)[O-])cc([N+](=O)[O-])c1,8.46
Cc1nn(Cc2cccc(C=C[N+](=O)[O-])c2)c(C)c1S(=O)(=O)Oc1cccc([N+](=O)[O-])c1,6.55
O=[N+]([O-])CCc1cccc(C2OOC(c3ccc(Oc4ccc([N+](=O)[O-])cc4[N+](=O)[O-])cc3)OO2)c1,8.51
O=C(Cn1cc(C=C2NC(=O)N(Cc3ccccc3)C2=O)c2ccccc21)Nc1cccc([N+](=O)[O-])c1,6.52
O=[N+]([O-])OCc1ccc(C2OOC(c3ccccc3[N+](=O)[O-])OO2)c([N+](=O)[O-])c1,7.9
O=[N+]([O-])Nc1ccc(C(SCc2cccc([N+](=O)[O-])c2)(c2ccccc2)c2ccccc2)cc1,7.19
O=[N+]([O-])c1ccc(C=NNS(=O)(=O)c2ccc(-c3no[n+]([O-])c3[N+](=O)[O-])cc2)c([N+](=O)[O-])c1,7.95
O=[N+]([O-])CCc1ccc(S(=O)(=O)c2ccc(S(=O)(=O)C(Cl)(Cl)Br)cc2[N+](=O)[O-])c([N+](=O)[O-])c1,8.77
O=C1CN(C(=O)CSC(=S)SCc2ccc(-c3no[n+]([O-])c3[N+](=O)[O-])cc2)C2(CCCCC2)C(=O)N1,7.42
O=[N+]([O-])C=Cc1ccc(S(=O)(=O)c2ccc([N+](=O)[O-])cc2[N+](=O)[O-])c([N+](=O)[O-])c1,8.77
CN(C(=O)c1ccc(=O)n(Cc2cccc([N+](=O)[O-])c2)n1)C1CCCCC1,6.94
O=[N+]([O-])C(=CNc1cccc(SCc2cc([N+](=O)[O-])cc([N+](=O)[O-])c2)c1)S(=O)(=O)c1ccc(-c2no[n+]([O-])c2[N+](=O)[O-])cc1,9.13
O=[N+]([O-])Nc1ccc(C=C(C(=Cc2ccc(-c3c([N+](=O)[O-])no[n+]3[O-])cc2)[N+](=O)[O-])[N+](=O)[O-])cc1,7.52
O=[N+]([O-])C=Cc1cccc(C2OOC(c3ccc(-c4c([N+](=O)[O-])no[n+]4[O-])cc3)OO2)c1,8.35
O=C(C=P(c1ccccc1)(c1ccc(-c2no[n+]([O-])c2[N+](=O)[O-])cc1)c1ccc(-c2no[n+]([O-])c2[N+](=O)[O-])cc1)c1cccc(CO[N+](=O)[O-])c1,8.87
O=[N+]([O-])Nc1ccc(P(=C(c2ccccc2)S(=O)c2ccccc2)(c2ccccc2)c2ccc([N+](=O)[O-])cc2)cc1,7.77
O=[N+]([O-])CCc1ccc(Oc2cc([N+](=O)[O-])c([N+](=O)[O-])cc2[N+](=O)[O-])c([N+](=O)[O-])c1,7.76
O=[N+]([O-])CCc1ccc(S(=O)(=O)c2ccc(CC[N+](=O)[O-])cc2[N+](=O)[O-])c([N+](=O)[O-])c1,8.58
O=C(NCC(c1ccco1)c1ccco1)c1cc([N+](=O)[O-])cc([N+](=O)[O-])c1,6.75
O=[N+]([O-])OCc1ccc(S(=O)(=O)c2ccc([N+](=O)[O-])cc2[N+](=O)[O-])c([N+](=O)[O-])c1,8.26
O=[N+]([O-])CCc1ccc(S(=O)(=O)c2ccc([N+](=O)[O-])cc2[N+](=O)[O-])c([N+](=O)[O-])c1,8.45
O=[N+]([O-])C=Cc1ccc(S(=O)(=O)c2ccc(CC[N+](=O)[O-])cc2[N+](=O)[O-])c([N+](=O)[O-])c1,8.89
Cc1c(C(=O)Oc2ccc([N+](=O)[O-])cc2[N+](=O)[O-])cnn1-c1nccc([N+](=O)[O-])n1,7.95
O=[N+]([O-])c1no[n+]([O-])c1-c1ccc(C2OOC(c3ccc(C4OCC([N+](=O)[O-])([N+](=O)[O-])CO4)cc3)OO2)cc1,8.51
O=C(Nc1sc2c(c1-c1nc3ccccc3[nH]1)CCCC2)Oc1c([N+](=O)[O-])cc(C=C[N+](=O)[O-])cc1[N+](=O)[O-],7.44
O=[N+]([O-])c1ccc(S(=O)(=O)c2c(-c3ccccc3)no[n+]2[O-])cc1[N+](=O)[O-],7.89
O=c1cc(Cn2cc(S(=O)(=O)c3ccc([N+](=O)[O-])cc3[N+](=O)[O-])ccc2=O)c2cc(Cl)c(Cl)cc2o1,7.16
O=[N+]([O-])CCc1ccc(S(=O)(=O)c2ccc([N+](=O)[O-])cc2[N+](=O)[O-])c([N+](=O)[O-])c1,8.48
O=C(c1cc(Cl)ccc1[N+](=O)[O-])N1CCN(c2ccc(-n3ccc([N+](=O)[O-])n3)nn2)CC1,7.64
O=[N+]([O-])CCc1ccc(OS(=O)(=O)c2c([N+](=O)[O-])cccc2[N+](=O)[O-])c(Cl)c1,7.04
CCS(=O)(=O)N1CCCc2ccc(NS(=O)(=O)c3ccc([N+](=O)[O-])cc3[N+](=O)[O-])cc21,7.98
O=C(Nc1ccccc1S(=O)c1ccccc1)C1CC(=O)N(c2cccc([N+](=O)[O-])c2)C1,6.92
O=[N+]([O-])c1ccc(NS(=O)(=O)c2ccc([N+](=O)[O-])cc2[N+](=O)[O-])c([N+](=O)[O-])c1,7.53
O=[N+]([O-])c1ccc(OS(=O)(=O)c2ccc(CS(=O)(=O)c3ccc([N+](=O)[O-])cc3[N+](=O)[O-])cc2)c([N+](=O)[O-])c1,7.91
O=[N+]([O-])c1ccc(S(=O)(=O)N(CC2CO2)c2ccc(-c3c([N+](=O)[O-])no[n+]3[O-])cc2)c([N+](=O)[O-])c1,7.4
O=[N+]([O-])C=Cc1ccc(S(=O)(=O)c2ccc(CC[N+](=O)[O-])cc2[N+](=O)[O-])c([N+](=O)[O-])c1,9.01
O=C(Cn1c2c(sc1=O)CCCCC2)Nc1cc([N+](=O)[O-])cc([N+](=O)[O-])c1,7.2
O=[N+]([O-])CCc1ccc(S(=O)(=O)c2ccc(CO[N+](=O)[O-])cc2[N+](=O)[O-])c([N+](=O)[O-])c1,8.34
O=[N+]([O-])C(=C(c1ccc(-c2c([N+](=O)[O-])no[n+]2[O-])cc1)c1ccc(S(=O)(=O)Oc2ccc(Cl)cc2)cc1)[N+](=O)[O-],8.4
CC(Cl)CN1C(=O)c2ccccc2C(C(=O)Nc2ccc([N+](=O)[O-])cc2[N+](=O)[O-])C12CCCCC2,7.42
CCn1c(Cn2cncn2)nnc1C1CCN(C(=O)c2cc([N+](=O)[O-])cc([N+](=O)[O-])c2)CC1,7.28
O=c1cc(COc2ccccc2Oc2ccc([N+](=O)[O-])cc2[N+](=O)[O-])nc2ccccn12,7.3
Cc1cc([N+](=O)[O-])cc2c(=O)cc(-c3ccc([N+](=O)[O-])c([N+](=O)[O-])c3)oc12,7.7
O=[N+]([O-])CCc1ccc(S(=O)(=O)c2ccc([N+](=O)[O-])cc2[N+](=O)[O-])c([N+](=O)[O-])c1,8.71
O=C(CCN(S(=O)(=O)c1ccccc1)S(=O)(=O)c1ccc([N+](=O)[O-])cc1[N+](=O)[O-])c1cccc([N+](=O)[O-])c1,7.19
O=[N+]([O-])CCc1cccc(C2OOC(c3cccc([N+](=O)[O-])c3)OO2)c1,7.32
O=C(c1cc([N+](=O)[O-])cc([N+](=O)[O-])c1)c1cc([N+](=O)[O-])cc([N+](=O)[O-])c1,8.59
Cc1c(Nc2ccc([N+](=O)[O-])cc2[N+](=O)[O-])cccc1-c1nc2cc([N+](=O)[O-])c([N+](=O)[O-])cc2o1,7.96
O=[N+]([O-])C(=C(c1ccccc1)c1ccc(-c2no[n+]([O-])c2[N+](=O)[O-])cc1)[N+](=O)[O-],7.45
O=[N+]([O-])c1cc([N+](=O)[O-])c(Oc2ccc(-c3c([N+](=O)[O-])no[n+]3[O-])cc2)cc1Cl,7.5
S=C1NC(c2ccccn2)C(c2cccs2)N1C1CCCC1,4.94
O=[N+]([O-])c1cccc([N+](=O)[O-])c1S(=O)(=O)c1ccc(-c2no[n+]([O-])c2[N+](=O)[O-])cc1,8.73
O=C(NCC1CCN(C(=O)CCO[N+](=O)[O-])CC1O)c1cc([N+](=O)[O-])cc([N+](=O)[O-])c1,7.41
O=[N+]([O-])c1c(-c2ccc(C3OCC([N+](=O)[O-])([N+](=O)[O-])CO3)cc2)no[n+]1[O-],7.91
O=[N+]([O-])c1cc([N+](=O)[O-])c(Cl)c(Cl)c1O,5.39
O=[N+]([O-])C=Cc1ccc(NS(=O)(=O)c2ccc([N+](=O)[O-])c([N+](=O)[O-])c2)cc1Oc1ccc([N+](=O)[O-])cc1[N+](=O)[O-],7.51
O=[N+]([O-])CCc1ccc(OS(=O)(=O)c2ccc([N+](=O)[O-])cc2[N+](=O)[O-])c(Oc2ccc([N+](=O)[O-])cc2[N+](=O)[O-])c1,8.09
Cn1c(=O)[nH]c(=O)c2c1nc1n2CC(O)CS1,4.61
O=[N+]([O-])Nc1ccc(Cc2cc(F)cc([N+](=O)[O-])c2)cc1,6.9
O=[N+]([O-])OCc1ccc(S(=O)(=O)c2no[n+]([O-])c2S(=O)(=O)c2cccc([N+](=O)[O-])c2)cc1,7.7
NOC1(COc2ccccc2[N+](=O)[O-])CCN(C(=O)c2ccccc2[N+](=O)[O-])C1,5.7
O=c1oc2cc(S(=O)(=O)c3ccc([N+](=O)[O-])cc3[N+](=O)[O-])ccc2c2c1CCCC2,8.66
Cn1c(=O)c2c(nc(COCc3nc4c(c(=O)n(C)c(=O)n4C)n3C)n2C)n(C)c1=O,4.85
CC1(O)CCC2CC1OOC2(CSc1ccc(Cl)cc1[N+](=O)[O-])c1ccc(-c2c([N+](=O)[O-])no[n+]2[O-])cc1,8.08
O=[N+]([O-])Nc1ccc(S(=O)(=O)c2no[n+]([O-])c2S(=O)(=O)c2ccc(-c3no[n+]([O-])c3[N+](=O)[O-])cc2)cc1,7.31
O=[N+]([O-])c1cc2c(cc1C1OCC([N+](=O)[O-])([N+](=O)[O-])CO1)OCO2,5.98
O=[N+]([O-])C=Cc1ccc(S(=O)(=O)c2ccc([N+](=O)[O-])cc2[N+](=O)[O-])c([N+](=O)[O-])c1,8.86
O=c1cc(CO[N+](=O)[O-])[nH]c2cc(-c3ccc(-c4c(Br)no[n+]4[O-])cc3)nn12,6.95
O=[N+]([O-])C=Cc1ccc(S(=O)(=O)c2ccc(CO[N+](=O)[O-])cc2[N+](=O)[O-])c([N+](=O)[O-])c1,8.69
O=[N+]([O-])C=Cc1ccc(S(=O)(=O)c2ccc(CC[N+](=O)[O-])cc2[N+](=O)[O-])c([N+](=O)[O-])c1,8.99
O=[N+]([O-])C=Cc1cc(C=C[N+](=O)[O-])cc(C2OCC3C(c4cc([N+](=O)[O-])cc([N+](=O)[O-])c4)OCC23)c1,8.59
Cc1ccc(S(=O)(=O)c2no[n+]([O-])c2S(=O)(=O)c2ccc([N+](=O)[O-])cc2)cc1,6.57
O=C(NS(=O)(=O)c1cc(CO[N+](=O)[O-])ccc1[N+](=O)[O-])c1cc2cccnc2n(Cc2ccc(-c3no[n+]([O-])c3[N+](=O)[O-])cc2)c1=O,8.54
O=[N+]([O-])CCc1ccc([N+](=O)[O-])c(P(=O)(O)c2cc3c(cc2[N+](=O)[O-])OCO3)c1,6.33
O=[N+]([O-])c1cccc(C2OCC3C(c4ccc([N+](=O)[O-])c([N+](=O)[O-])c4)OCC23)c1,7.41
O=[N+]([O-])CCc1ccc(S(=O)(=O)c2ccc([N+](=O)[O-])cc2[N+](=O)[O-])c([N+](=O)[O-])c1,8.44
O=[N+]([O-])c1ccccc1S(=O)(=O)N=C(NS(=O)(=O)c1ccccc1)c1ccc(-c2no[n+]([O-])c2[N+](=O)[O-])cc1,8.42
O=C(c1ccc([N+](=O)[O-])cc1[N+](=O)[O-])N1CCC(c2ccnc(Sc3ccc([N+](=O)[O-])cc3[N+](=O)[O-])n2)C1,8.32
O=[N+]([O-])C=Cc1ccc(S(=O)(=O)c2c(S(=O)(=O)c3ccccc3)no[n+]2[O-])cc1,8.29
O=C(Cn1c(=O)ncc2cc(NS(=O)(=O)c3ccc([N+](=O)[O-])c([N+](=O)[O-])c3)ccc21)Nc1cc([N+](=O)[O-])cc([N+](=O)[O-])c1,7.94
O=[N+]([O-])c1ccc(S(=O)(=O)Nc2cc(Br)c(NS(=O)(=O)c3ccc([N+](=O)[O-])cc3[N+](=O)[O-])cc2Br)c([N+](=O)[O-])c1,8.16
O=[N+]([O-])c1cccc(S(=O)(=O)Oc2ccc([N+](=O)[O-])cc2Cl)c1,7.32
O=[N+]([O-])CCc1ccc(S(=O)(=O)c2ccc(CC[N+](=O)[O-])cc2[N+](=O)[O-])c([N+](=O)[O-])c1,8.62
O=c1c(Oc2ccc(CO[N+](=O)[O-])cc2)coc2cc(S(=O)(=O)Oc3ccc(C=C[N+](=O)[O-])cc3[N+](=O)[O-])ccc12,7.7
CS(=O)(=O)Oc1ccc2ccccc2c1S(=O)Nc1ccccc1,5.69
O=[N+]([O-])C=Cc1ccc(S(=O)(=O)c2ccc(CC[N+](=O)[O-])cc2[N+](=O)[O-])c([N+](=O)[O-])c1,8.79
O=[N+]([O-])c1ccc(NS(=O)(=O)c2ccc(S(=O)(=O)c3ccc([N+](=O)[O-])cc3[N+](=O)[O-])c([N+](=O)[O-])c2)c([N+](=O)[O-])c1,9.24
O=[N+]([O-])c1ccc(SSc2cc(NS(=O)(=O)c3ccc([N+](=O)[O-])cc3[N+](=O)[O-])ccc2[N+](=O)[O-])c([N+](=O)[O-])c1,8.25
O=C(c1cn(-c2ccccc2)nc1-c1cccnc1)N1CCN(c2ccc([N+](=O)[O-])cc2)CC1,7.07
CC(NC(=O)c1ccc([N+](=O)[O-])cc1)c1cccc(C2OCCCO2)c1,6.29
CCn1c(=S)[nH]c(=O)c2ccc(-c3ccc(-c4c(Br)no[n+]4[O-])cc3)nc21,7.28
O=[N+]([O-])C=Cc1cc(C=C[N+](=O)[O-])cc(-c2cc(C=C[N+](=O)[O-])cc([N+](=O)[O-])c2)c1,9.26
O=[N+]([O-])CCc1ccc(S(=O)(=O)c2ccc(CO[N+](=O)[O-])cc2[N+](=O)[O-])c([N+](=O)[O-])c1,7.91
O=[N+]([O-])C=Cc1ccc(S(=O)(=O)c2ccc(CO[N+](=O)[O-])cc2[N+](=O)[O-])c([N+](=O)[O-])c1,8.49
NS(=O)(=O)Oc1c(Br)cc(C=Cc2ccc([N+](=O)[O-])cc2[N+](=O)[O-])cc1[N+](=O)[O-],7.35
O=[N+]([O-])c1ccc(C2OCC3(O)C(c4ccc5c(c4)CCC5)OCC23O)cc1[N+](=O)[O-],6.74
O=[N+]([O-])c1ccc(S(=O)(=O)N=C(NS(=O)(=O)c2cc([N+](=O)[O-])ccc2Cl)c2ccccc2)c([N+](=O)[O-])c1,7.95
O=[N+]([O-])C=Cc1ccc(S(=O)(=O)c2ccc(CO[N+](=O)[O-])cc2[N+](=O)[O-])c([N+](=O)[O-])c1,8.8
O=[N+]([O-])C(=Cc1ccccc1)C(=Cc1ccc(S(=O)(=O)S(=O)(=O)c2ccc(-c3c([N+](=O)[O-])no[n+]3[O-])cc2)cc1)[N+](=O)[O-],8.6
O=C(C=Cc1ccc(CC[N+](=O)[O-])cc1[N+](=O)[O-])Nc1sc2c(c1C(=O)Oc1ccc([N+](=O)[O-])cc1[N+](=O)[O-])CCC2,8.42
O=[N+]([O-])c1ccc(Sc2cc([N+](=O)[O-])c([N+](=O)[O-])cc2[N+](=O)[O-])c([N+](=O)[O-])c1,7.87
O=[N+]([O-])Nc1ccc(C(=NS(=O)(=O)c2ccccc2[N+](=O)[O-])Nc2cccc([N+](=O)[O-])c2)cc1,8.21
O=[N+]([O-])CCc1ccc(S(=O)(=O)c2ccc([N+](=O)[O-])cc2[N+](=O)[O-])c([N+](=O)[O-])c1,8.19
Cc1c(S(=O)(=O)c2ccc(S(=O)(=O)N(c3ccc([N+](=O)[O-])cc3)S(=O)(=O)c3ccc([N+](=O)[O-])cc3)cc2)no[n+]1[O-],8.59
O=[N+]([O-])C=Cc1cc(C=C[N+](=O)[O-])cc(ON=Cc2cc([N+](=O)[O-])c(Sc3c([N+](=O)[O-])cccc3[N+](=O)[O-])cc2[N+](=O)[O-])c1,8.56
O=[N+]([O-])c1ccc(C2OOC(c3ccc(Oc4cc([N+](=O)[O-])c([N+](=O)[O-])cc4[N+](=O)[O-])cc3)OO2)cc1,7.83
O=[N+]([O-])CCc1ccc(S(=O)(=O)c2ccc(CC[N+](=O)[O-])cc2[N+](=O)[O-])c([N+](=O)[O-])c1,8.38
O=[N+]([O-])Nc1ccc(C(=NS(=O)(=O)c2ccccc2[N+](=O)[O-])NS(=O)(=O)c2cc([N+](=O)[O-])ccc2Br)cc1,8.67
O=[N+]([O-])C=Cc1ccc(S(=O)(=O)Nc2cc(Cl)c(NS(=O)(=O)c3ccc([N+](=O)[O-])cc3[N+](=O)[O-])c([N+](=O)[O-])c2)c([N+](=O)[O-])c1,7.97
O=[N+]([O-])C=Cc1ccc(S(=O)(=O)c2ccc([N+](=O)[O-])cc2[N+](=O)[O-])c([N+](=O)[O-])c1,8.55
O=[N+]([O-])CCc1ccc(S(=O)(=O)c2ccc([N+](=O)[O-])cc2[N+](=O)[O-])c([N+](=O)[O-])c1,8.12
O=[N+]([O-])OCc1ccc(S(=O)c2ccc([N+](=O)[O-])cc2[N+](=O)[O-])c([N+](=O)[O-])c1,7.64
O=[N+]([O-])C=Cc1ccc(S(=O)(=O)c2ccc(CC[N+](=O)[O-])cc2[N+](=O)[O-])c([N+](=O)[O-])c1,8.82
O=C(c1cc([N+](=O)[O-])cc([N+](=O)[O-])c1)c1cc([N+](=O)[O-])cc([N+](=O)[O-])c1,8.52
O=[N+]([O-])c1ccc(S(=O)(=O)NNc2cccc(C3OOC(c4ccc(-c5no[n+]([O-])c5[N+](=O)[O-])cc4)OO3)c2)c([N+](=O)[O-])c1,8.07
O=[N+]([O-])OCc1ccc([N+](=O)[O-])c(P(=O)(O)c2ccc([N+](=O)[O-])cc2[N+](=O)[O-])c1,7.21
CN(Cc1ccccc1)c1nc2c(c(=O)[nH]c(=O)n2C)n1CCCc1cccc([N+](=O)[O-])c1,5.9
O=c1oc2ccc(N(S(=O)(=O)c3ccccc3)S(=O)(=O)c3ccc(-c4c([N+](=O)[O-])no[n+]4[O-])cc3)cc2s1,7.55
CCOc1cc(Br)cc(C=C2NC(=O)N(CC(=O)Nc3cc([N+](=O)[O-])ccc3C)C2=O)c1O,6.98
C=CCn1c(=NC(=O)CSCC(=O)N2CCN(c3cccc([N+](=O)[O-])c3)CC2)sc2cc(Cl)ccc21,6.94
O=[N+]([O-])C=Cc1ccc(S(=O)(=O)c2ccc(CC[N+](=O)[O-])cc2[N+](=O)[O-])c([N+](=O)[O-])c1,8.69
O=[N+]([O-])C=Cc1ccc(S(=O)(=O)c2ccc(CO[N+](=O)[O-])cc2[N+](=O)[O-])c([N+](=O)[O-])c1,8.83
O=S(=O)(c1ccc(S(=O)(=O)N(Cl)Cl)cc1)c1c(-c2ccc(F)cc2)no[n+]1[O-],7.6
O=[N+]([O-])c1ccc(OS(=O)(=O)c2ccc(NS(=O)(=O)c3ccc([N+](=O)[O-])cc3[N+](=O)[O-])cc2)c([N+](=O)[O-])c1,7.66
O=[N+]([O-])C=Cc1ccc(S(=O)(=O)c2ccc(S(=O)(=O)C(Cl)(Cl)Br)cc2[N+](=O)[O-])c([N+](=O)[O-])c1,9.14
CC(C)n1cc(C(=O)N2CCN(C(=O)c3ccccc3)CC2)c2nn(-c3ccccc3)c(=O)c-2c1,7.61
CC(C)N(Cc1nc(-c2ccc(Cl)cc2)no1)C(=O)CN(C)S(=O)(=O)c1ccc([N+](=O)[O-])cc1,7.53
O=[N+]([O-])c1ccc(Nc2cc([N+](=O)[O-])c(NS(=O)(=O)c3ccc([N+](=O)[O-])cc3[N+](=O)[O-])cc2[N+](=O)[O-])c([N+](=O)[O-])c1,8.9
O=C(NNS(=O)(=O)c1ccc([N+](=O)[O-])cc1[N+](=O)[O-])c1cc([N+](=O)[O-])cc([N+](=O)[O-])c1,8.3
O=Nc1ccc(C(=C([N+](=O)[O-])[N+](=O)[O-])c2ccc(S(=O)(=O)c3c([N+](=O)[O-])cccc3[N+](=O)[O-])cc2)cc1,8.52
O=[N+]([O-])c1cc(CSc2ccc(C3OCC([N+](=O)[O-])([N+](=O)[O-])CO3)cc2)cc([N+](=O)[O-])c1,8.3
O=[N+]([O-])c1sccc1CS(=O)(=O)c1ccc2c(c1)sc1nncn12,7.7
N#Cc1cnc(-c2cccnc2)cc1-c1cccn1-c1cccnc1,6.13
COC(=O)c1cc(C=C[N+](=O)[O-])cc(NC(=O)c2sc3cc([N+](=O)[O-])ccc3c2Cl)c1,7.78
Nc1c(C(=O)NCc2ccco2)sc2nc(C(F)(F)F)cc([N+](=O)[O-])c12,5.72
O=C(C=P(c1ccccc1)(c1ccccc1)c1ccc(-c2c(Br)no[n+]2[O-])cc1)c1ccc([N+](=O)[O-])c([N+](=O)[O-])c1,7.49
O=[N+]([O-])c1ccccc1N(S(=O)(=O)c1ccccc1)S(=O)(=O)c1ccc(-c2c([N+](=O)[O-])no[n+]2[O-])cc1,8.39
O=[N+]([O-])c1ccc(S(=O)(=O)S(=O)(=O)c2ccc(C3(c4ccc(-c5no[n+]([O-])c5[N+](=O)[O-])cc4)CCCCC3)cc2)cc1,8.61
O=[N+]([O-])c1ccc(-c2no[n+]([O-])c2S(=O)(=O)c2cccc([N+](=O)[O-])c2)cc1,7.31
O=[N+]([O-])C=Cc1ccc(-c2no[n+]([O-])c2S(=O)(=O)c2ccc(F)cc2)cc1,6.88
O=[N+]([O-])c1cccc([N+](=O)[O-])c1S(=O)(=O)c1ccc(-c2no[n+]([O-])c2[N+](=O)[O-])cc1,8.89
O=[N+]([O-])C=Cc1ccc(S(=O)(=O)c2ccc([N+](=O)[O-])cc2[N+](=O)[O-])c([N+](=O)[O-])c1,8.7
N#[N+][N-]CS(=O)(=O)c1ccc(C2(c3ccc(-c4c([N+](=O)[O-])no[n+]4[O-])cc3)OS(=O)OC2(c2ccccc2)c2ccc(N[N+](=O)[O-])cc2)cc1,8.37
O=[N+]([O-])c1ccc(S(=O)(=O)Oc2ccc(S(=O)(=O)c3ccc([N+](=O)[O-])cc3[N+](=O)[O-])cc2)c([N+](=O)[O-])c1,8.07
O=C1COc2ccc(S(=O)(=O)c3c(S(=O)(=O)c4ccccc4)no[n+]3[O-])cc2N1,7.64
C=C(Br)CN1CC(=O)N2CC(c3ccc(CO[N+](=O)[O-])cc3)c3c([nH]c4ccccc34)C2(C)C1=O,7.72
O=[N+]([O-])C=Cc1ccc(N(Nc2c([N+](=O)[O-])cc([N+](=O)[O-])cc2[N+](=O)[O-])c2ccccc2)cc1,8.43
O=[N+]([O-])c1ccc(S(=O)(=O)NCCSS(=O)(=O)c2ccc(-c3c([N+](=O)[O-])no[n+]3[O-])cc2)cc1,8.26
O=[N+]([O-])C=Cc1cccc(C2OOC(c3ccc(-c4no[n+]([O-])c4[N+](=O)[O-])cc3)OO2)c1,8.13
CN(NS(=O)(=O)c1ccccc1[N+](=O)[O-])S(=O)(=O)c1ccc(-c2no[n+]([O-])c2Br)cc1,8.38
O=[N+]([O-])C(=Cc1cc(-c2cc([N+](=O)[O-])cc([N+](=O)[O-])c2)cc(-c2cc([N+](=O)[O-])cc([N+](=O)[O-])c2)c1)[N+](=O)[O-],9.14
O=C(NS(=O)(=O)c1cc([N+](=O)[O-])ccc1Cl)c1cnn2c(C(F)(F)F)cc(-c3ccco3)nc12,6.79
O=[N+]([O-])CCc1ccc(S(=O)(=O)c2ccc([N+](=O)[O-])cc2[N+](=O)[O-])c([N+](=O)[O-])c1,8.39
O=[N+]([O-])CCc1ccc(S(=O)(=O)c2ccc([N+](=O)[O-])cc2[N+](=O)[O-])c([N+](=O)[O-])c1,8.59
O=C(c1ccc(-c2c([N+](=O)[O-])no[n+]2[O-])cc1)C(C(=O)N1CCc2ccccc2C1)n1cc(Cl)ccc1=O,7.95
O=[N+]([O-])c1no[n+]([O-])c1-c1ccc(OS(=O)(=O)CCc2nnc(S)n2C2CCCC2)cc1,7.31
O=[N+]([O-])c1ccc(S(=O)(=O)Nc2cc(Cl)ccc2Sc2ccccc2[N+](=O)[O-])c([N+](=O)[O-])c1,8.11
Cc1nc(Oc2ccc(Cl)cc2[N+](=O)[O-])nc2c1C(=O)CC(c1ccco1)C2,6.46
O=[N+]([O-])C=Cc1cc(-c2cc([N+](=O)[O-])cc([N+](=O)[O-])c2)cc([N+](=O)[O-])c1,8.21
O=[N+]([O-])OCc1ccc(S(=O)(=O)c2ccc([N+](=O)[O-])cc2[N+](=O)[O-])c([N+](=O)[O-])c1,8.32
O=C(NCc1cc([N+](=O)[O-])cc([N+](=O)[O-])c1)c1ccc([N+](=O)[O-])cc1Br,7.89
O=[N+]([O-])OCc1ccc(S(=O)(=O)c2ccc([N+](=O)[O-])cc2[N+](=O)[O-])c([N+](=O)[O-])c1,8.17
Cn1c(=O)[nH]c(=O)c2c1nc(N1CCCCC1)n2CC(=O)c1ccc(CO[N+](=O)[O-])cc1[N+](=O)[O-],6.95
O=[N+]([O-])C=Cc1ccc(S(=O)(=O)c2ccc(CC[N+](=O)[O-])cc2[N+](=O)[O-])c([N+](=O)[O-])c1,8.6
N#CCn1cc(C=C2SC(=O)N(CCO[N+](=O)[O-])C2=O)c2ccccc21,6.77
CSC1=NC2(CCN(S(=O)(=O)c3ccc(CC[N+](=O)[O-])cc3[N+](=O)[O-])CC2)N=C1c1ccc(N[N+](=O)[O-])cc1,7.7
O=[N+]([O-])Nc1ccc(S(=O)(=O)c2ccc([N+](=O)[O-])cc2[N+](=O)[O-])cc1,7.35
O=C1CC(C(=O)Nc2ccc(C=C[N+](=O)[O-])cc2[N+](=O)[O-])c2c(nc(N3CCOCC3)[nH]c2=O)N1,6.9
O=C(c1c[nH]c2ccccc2c1=O)N1CCc2cc([N+](=O)[O-])c([N+](=O)[O-])cc2C1,6.83
O=[N+]([O-])c1ccc(S(=O)(=O)Cc2cc([N+](=O)[O-])c(NS(=O)(=O)c3cc([N+](=O)[O-])ccc3Cl)cc2[N+](=O)[O-])c([N+](=O)[O-])c1,8.45
O=C(c1n[nH]c(=O)c2ccccc12)N1CCCc2cccc([N+](=O)[O-])c21,6.67
O=C1CC(c2ccc([N+](=O)[O-])c([N+](=O)[O-])c2)c2c(ccc3c(Cl)cc(=O)oc23)O1,7.3
O=[N+]([O-])C=Cc1ccc(S(=O)(=O)c2ccc(CO[N+](=O)[O-])cc2[N+](=O)[O-])c([N+](=O)[O-])c1,8.53
O=[N+]([O-])CCc1ccc(S(=O)(=O)c2ccc(CC[N+](=O)[O-])cc2[N+](=O)[O-])c([N+](=O)[O-])c1,8.73
O=[N+]([O-])c1c(-c2ccc(C=[N+]([O-])c3ccc(Br)cc3)cc2)no[n+]1[O-],7.24
O=C(CC[N+](=O)[O-])c1cc([N+](=O)[O-])ccc1Cl,6.06
O=[N+]([O-])C(=C(c1ccccc1)c1ccc(-c2c(-c3c(Cl)cccc3Cl)no[n+]2[O-])cc1)[N+](=O)[O-],7.53
O=[N+]([O-])c1ccc(S(=O)(=O)NC(=NS(=O)(=O)c2ccccc2[N+](=O)[O-])c2ccccc2)c([N+](=O)[O-])c1,8.98
O=[N+]([O-])CCc1ccc(S(=O)c2ccc([N+](=O)[O-])cc2[N+](=O)[O-])c([N+](=O)[O-])c1,8.17
CN(c1cccc(Oc2ccc([N+](=O)[O-])cc2[N+](=O)[O-])c1)S(=O)(=O)c1ccccc1[N+](=O)[O-],7.18
O=C1NC(=O)N(C2CCCC2)C(=O)C1=Cc1ccc([N+](=O)[O-])cc1[N+](=O)[O-],7.54
O=S(=O)(c1ccccc1)N(c1cccnc1)S(=O)(=O)c1ccc(-c2no[n+]([O-])c2Br)cc1,8.04
O=C(CBr)c1sc2ccccc2c1C1CN(C(=O)c2ccc([N+](=O)[O-])nc2)CCO1,7.05
O=[N+]([O-])CCc1ccc(S(=O)(=O)c2ccc([N+](=O)[O-])cc2[N+](=O)[O-])c([N+](=O)[O-])c1,8.53
O=[N+]([O-])C=Cc1ccc(S(=O)(=O)c2ccc(CC[N+](=O)[O-])cc2[N+](=O)[O-])c([N+](=O)[O-])c1,8.6
O=c1c2ccccc2c2c(O)nc(-c3cccc(CC[N+](=O)[O-])c3)n2n1Cc1ccccc1,7.58
O=[N+]([O-])OCc1ccc(S(=O)(=O)c2ccc([N+](=O)[O-])cc2[N+](=O)[O-])c([N+](=O)[O-])c1,8.31
CC(CCn1cc(CCNC(=O)c2cc([N+](=O)[O-])cc([N+](=O)[O-])c2)c2ccccc21)[N+](=O)[O-],6.84
O=[N+]([O-])OCc1ccc(S(=O)(=O)c2ccc(S(=O)(=O)C(Cl)(Cl)Br)cc2[N+](=O)[O-])c([N+](=O)[O-])c1,8.76
O=C(c1ccc([N+](=O)[O-])cc1)N1CCCC(Cc2ccnc3ccccc23)C1,6.84
Cc1ccc([N+](=O)[O-])cc1NS(=O)(=O)c1ccc(S(=O)(=O)c2ccc([N+](=O)[O-])cc2[N+](=O)[O-])cc1,7.92
O=[N+]([O-])C=Cc1ccc(S(=O)(=O)c2ccc([N+](=O)[O-])cc2[N+](=O)[O-])c([N+](=O)[O-])c1,8.64
Cc1ccc(S(=O)(=O)SCCNS(=O)(=O)c2ccc([N+](=O)[O-])cc2[N+](=O)[O-])cc1,7.75
O=[N+]([O-])C=Cc1ccc(S(=O)(=O)c2ccc(CO[N+](=O)[O-])cc2[N+](=O)[O-])c([N+](=O)[O-])c1,8.63
O=C(Cn1nc(-c2ccc([N+](=O)[O-])c([N+](=O)[O-])c2)ccc1=O)Nc1ccc([N+](=O)[O-])cc1[N+](=O)[O-],7.56
O=[N+]([O-])c1ccc(S(=O)(=O)Nc2ccc([N+](=O)[O-])c(Sc3ccc(-c4no[n+]([O-])c4Br)cc3)c2)c([N+](=O)[O-])c1,8.34
O=[N+]([O-])Nc1ccc(C2OCC3(CO2)COC(c2ccc(-c4no[n+]([O-])c4[N+](=O)[O-])cc2)OC3)cc1,8.66
O=[N+]([O-])OCc1ccc(S(=O)(=O)c2ccc(C=C([N+](=O)[O-])[N+](=O)[O-])cc2[N+](=O)[O-])c([N+](=O)[O-])c1,8.86
Cc1c(C(=O)NS(=O)(=O)c2cc(CC[N+](=O)[O-])ccc2[N+](=O)[O-])sc(NC(=O)CCO[N+](=O)[O-])c1C#N,6.87
O=[N+]([O-])CCc1ccc(S(=O)(=O)c2ccc([N+](=O)[O-])cc2[N+](=O)[O-])c([N+](=O)[O-])c1,8.26
O=[N+]([O-])Nc1ccc(C(=C([N+](=O)[O-])[N+](=O)[O-])c2ccc(-c3c([N+](=O)[O-])no[n+]3[O-])cc2)cc1,7.64
O=[N+]([O-])C(=Cc1cccc(C2OOC(c3ccc(-c4c([N+](=O)[O-])no[n+]4[O-])cc3)OO2)c1)[N+](=O)[O-],8.27
O=[N+]([O-])c1no[n+]([O-])c1-c1ccc(C2OCC([N+](=O)[O-])([N+](=O)[O-])CO2)cc1,8.09
O=C(c1cccc([N+](=O)[O-])c1)C1C(c2ccc(-c3no[n+]([O-])c3[N+](=O)[O-])cc2)C1[N+](=O)[O-],8.91
O=[N+]([O-])C=Cc1ccc(S(=O)(=O)c2ccc(CO[N+](=O)[O-])cc2[N+](=O)[O-])c([N+](=O)[O-])c1,8.77
O=C(Cn1nc2c3c(cccc31)C(=O)c1ccccc1-2)Nc1ccc([N+](=O)[O-])cc1[N+](=O)[O-],7.31
O=[N+]([O-])CCc1ccc(Oc2cc(C3OOC(c4ccc(-c5c(Br)no[n+]5[O-])cc4)OO3)ccc2[N+](=O)[O-])c([N+](=O)[O-])c1,8.78
O=[N+]([O-])C(=C(c1ccc(-c2c([N+](=O)[O-])no[n+]2[O-])cc1)c1ccc(S(=O)(=O)C(I)I)cc1)[N+](=O)[O-],7.75
O=[N+]([O-])c1ccc(C=NNS(=O)(=O)c2ccc([N+](=O)[O-])cc2[N+](=O)[O-])c([N+](=O)[O-])c1,8.05
O=[N+]([O-])c1ccc(S(=O)(=O)NCCNS(=O)(=O)c2ccccc2Br)cc1,7.15
CSSc1ccc(S(=O)(=O)N(c2ccc(N[N+](=O)[O-])cc2)S(=O)(=O)c2cccc(C=C[N+](=O)[O-])c2)cc1[N+](=O)[O-],7.54
O=[N+]([O-])c1cccc(C2OCC3C(c4cc([N+](=O)[O-])cc([N+](=O)[O-])c4)OCC23)c1,8.02
Cc1occc1-c1cc(NCc2ccc([N+](=O)[O-])o2)n(Cc2ccc([N+](=O)[O-])cc2)n1,6.06
O=[N+]([O-])C=Cc1ccc(S(=O)(=O)c2ccc([N+](=O)[O-])cc2[N+](=O)[O-])c([N+](=O)[O-])c1,9.05
COCCCC1CCCCN1C(=O)Nc1ccc(Cl)c2ncccc12,4.95
O=C(c1ccccc1)N(Cc1cccc([N+](=O)[O-])c1)S(=O)(=O)c1ccc([N+](=O)[O-])cc1[N+](=O)[O-],7.92
O=C(NC1CC2(CCOCC2)Oc2ccc(CC[N+](=O)[O-])cc21)c1ccco1,6.63
O=[N+]([O-])OCc1ccc(N(CC2CO2)S(=O)(=O)c2ccc([N+](=O)[O-])cc2[N+](=O)[O-])cc1,7.49
CCC(Cn1nc(-c2ccc([N+](=O)[O-])c([N+](=O)[O-])c2)ccc1=O)NS(=O)(=O)c1ccc(-c2c([N+](=O)[O-])no[n+]2[O-])cc1,7.53
O=C(C1=C(O)C(=O)N(Cc2ccncc2)C1c1cccc([N+](=O)[O-])c1)c1ccc2c(c1)OCCO2,6.09
O=[N+]([O-])CCc1ccc(S(=O)(=O)c2ccc(CC[N+](=O)[O-])cc2[N+](=O)[O-])c([N+](=O)[O-])c1,8.63
O=[N+]([O-])C(=Cc1ccc(-c2c([N+](=O)[O-])no[n+]2[O-])cc1)[N+](=O)[O-],7.2
CN1c2cc(CO[N+](=O)[O-])ccc2-c2nc(Sc3ccc([N+](=O)[O-])cc3[N+](=O)[O-])ncc2S1(=O)=O,8.17
O=[N+]([O-])C=Cc1ccc(S(=O)(=O)c2ccc(CC[N+](=O)[O-])cc2[N+](=O)[O-])c([N+](=O)[O-])c1,8.41
O=[N+]([O-])c1cccc(NC(=NS(=O)(=O)c2ccccc2[N+](=O)[O-])c2ccccc2)c1,7.4
CC(=O)N1CCCn2nc(CNC(=O)c3cc([N+](=O)[O-])cc([N+](=O)[O-])c3)cc2C1,7.29
O=[N+]([O-])C=Cc1ccc(S(=O)(=O)c2ccc(CC[N+](=O)[O-])cc2[N+](=O)[O-])c([N+](=O)[O-])c1,8.69
O=C(CCc1ccc([N+](=O)[O-])cc1)NNS(=O)(=O)c1ccccc1,6.48
O=C(Cn1nc2ccc3ccc([N+](=O)[O-])cc3n2c1=O)c1ccc(-c2no[n+]([O-])c2[N+](=O)[O-])cc1,7.87
O=[N+]([O-])c1ccc(Sc2ccccc2NS(=O)(=O)c2ccc(-c3no[n+]([O-])c3Br)cc2)c([N+](=O)[O-])c1,8.33
O=[N+]([O-])C=Cc1ccc(S(=O)(=O)c2ccc([N+](=O)[O-])cc2[N+](=O)[O-])c([N+](=O)[O-])c1,8.94
O=[N+]([O-])c1ccc(S(=O)(=O)c2ccc(S(=O)(=O)c3c([N+](=O)[O-])cccc3[N+](=O)[O-])cc2[N+](=O)[O-])c([N+](=O)[O-])c1,8.96
O=C(NC(=S)Nc1cc([N+](=O)[O-])cc([N+](=O)[O-])c1)c1cc2cccc([N+](=O)[O-])c2oc1=O,8.35
O=[N+]([O-])c1ccc(S(=O)(=O)Nc2ccc(S(=O)(=O)c3ccc([N+](=O)[O-])cc3[N+](=O)[O-])cc2)c([N+](=O)[O-])c1,8.99
CN(NS(=O)(=O)c1ccccc1[N+](=O)[O-])S(=O)(=O)c1ccc(-c2c([N+](=O)[O-])no[n+]2[O-])cc1,8.08
O=[N+]([O-])C=Cc1ccc(S(=O)(=O)Nc2ccc(-c3no[n+]([O-])c3[N+](=O)[O-])cc2)c([N+](=O)[O-])c1,8.32
O=C(Cn1c(=O)n(CC2CO2)c(=O)c2ccccc21)Nc1ccc([N+](=O)[O-])cc1[N+](=O)[O-],7.48
O=[N+]([O-])C(=Cc1ccc(Br)cc1)C(=Cc1ccc([SH](=O)=O)cc1)[N+](=O)[O-],6.92
O=[N+]([O-])CCc1ccc([N+](=O)[O-])c(C=NNS(=O)(=O)c2ccc([N+](=O)[O-])cc2[N+](=O)[O-])c1,7.63
O=[N+]([O-])Nc1ccc(N(S(=O)(=O)c2ccccc2)S(=O)(=O)c2ccc([N+](=O)[O-])cc2[N+](=O)[O-])cc1,7.62
O=[N+]([O-])OCc1ccc(S(=O)(=O)c2ccc(S(=O)(=O)C(Cl)(Cl)Br)cc2[N+](=O)[O-])c([N+](=O)[O-])c1,8.87
O=[N+]([O-])c1ccc(OS(=O)(=O)c2ccc(S(=O)(=O)c3ccc([N+](=O)[O-])cc3[N+](=O)[O-])cc2)c([N+](=O)[O-])c1,8.43
O=[N+]([O-])c1c(-c2ccc(C3OCC([N+](=O)[O-])([N+](=O)[O-])CO3)cc2)no[n+]1[O-],7.96
O=[N+]([O-])C=CNc1ccccc1-c1nnc(Sc2ccc([N+](=O)[O-])cc2[N+](=O)[O-])nc1O,7.37
O=[N+]([O-])C=Cc1ccc(S(=O)(=O)N2CCC(Cc3cncc(-c4cc[nH]n4)n3)CC2)c([N+](=O)[O-])c1,7.5
O=[N+]([O-])C=Cc1cccc(S(=O)(=O)c2c(S(=O)(=O)c3ccccc3)no[n+]2[O-])c1,7.87
O=[N+]([O-])CCc1ccc(S(=O)(=O)c2ccc(CC[N+](=O)[O-])cc2[N+](=O)[O-])c([N+](=O)[O-])c1,8.67
O=[N+]([O-])c1ccc([N+](=O)[O-])c(NS(=O)(=O)c2ccc([N+](=O)[O-])cc2[N+](=O)[O-])c1,7.78
O=[N+]([O-])C=Cc1ccc(S(=O)(=O)c2ccc(C3OOC(c4ccccc4)OO3)cc2[N+](=O)[O-])c([N+](=O)[O-])c1,9.51
Cc1[nH]c(C2=C(C(=O)OCC3CO3)C(c3ccc([N+](=O)[O-])cc3)NC(=S)N2)c(C)c1C(=O)NC(C)(C)C,6.48
CN1CCCC2(CCN(c3nccc([N+](=O)[O-])n3)C2)C1=O,6.13
CN(N=O)c1ccc(NC2CCCN(S(=O)(=O)c3ccc([N+](=O)[O-])cc3[N+](=O)[O-])C2)cc1[N+](=O)[O-],8.35
O=[N+]([O-])Nc1ccc(S(=O)(=O)c2no[n+]([O-])c2SCc2cccc([N+](=O)[O-])c2)cc1,7.61
O=C(c1ccc([N+](=O)[O-])cc1)c1ccc(S(=O)(=O)Nc2ccccc2)cc1,7.54
O=[N+]([O-])c1c(-c2ccc(-c3no[n+]([O-])c3[N+](=O)[O-])cc2)no[n+]1[O-],7.25
O=C(Nc1ccc([N+](=O)[O-])c([N+](=O)[O-])c1)C(CCSc1ccc([N+](=O)[O-])cc1[N+](=O)[O-])N1C(=O)c2ccccc2C1=O,7.91
O=C(c1cccc(CO[N+](=O)[O-])c1)N(Cc1ccccc1)c1nc2c([N+](=O)[O-])ccc([N+](=O)[O-])c2s1,7.62
Cn1c(=O)c2cn3c4ccccc4nc(C(F)(F)F)c3c2n(C)c1=O,4.8
O=[N+]([O-])c1ccc(S(=O)(=O)NCCc2c[nH]c3ccccc23)cc1,5.83
Cc1nc2ccccc2c(=O)n1CC(=O)c1ccccc1[N+](=O)[O-],6.48
O=C(c1cc([N+](=O)[O-])cc([N+](=O)[O-])c1)N1CCOC(c2ncon2)C1,7.07
O=C(NNS(=O)(=O)c1ccccc1)c1ccc(CC[N+](=O)[O-])cc1O,6.75
CC(=Cc1cccc(Sc2ccc(C=C[N+](=O)[O-])cc2[N+](=O)[O-])c1)[N+](=O)[O-],7.68
CC(C)(C)[N+]([O-])=Cc1cccc(C(=O)C=P(c2ccccc2)(c2ccccc2)c2ccc(N[N+](=O)[O-])cc2)c1,7.55
O=[N+]([O-])c1cc([N+](=O)[O-])c(S(=O)(=O)O)c([N+](=O)[O-])c1,5.07
O=[N+]([O-])C(=CNc1ccc(-c2c([N+](=O)[O-])no[n+]2[O-])cc1)S(=O)(=O)c1ccc(Oc2ccccc2Cl)c([N+](=O)[O-])c1,8.02
O=C(C1CCCCC1)N1CCCC1c1nc(CC[N+](=O)[O-])nn1CC#CI,6.55
O=[N+]([O-])CCc1ccc(S(=O)(=O)Nc2cc([N+](=O)[O-])c([N+](=O)[O-])cc2[N+](=O)[O-])c([N+](=O)[O-])c1,8.57
O=[N+]([O-])CCc1ccc(S(=O)(=O)N(c2ccccc2)S(=O)(=O)c2ccccc2)c([N+](=O)[O-])c1,7.51
CC(=Cc1cccc(N(C)S(=O)(=O)c2ccc([N+](=O)[O-])cc2[N+](=O)[O-])c1)[N+](=O)[O-],6.85
O=C(c1cn2c3c(cccc3c1=O)CCC2)N1CCN(S(=O)(=O)c2ccc(CC[N+](=O)[O-])cc2[N+](=O)[O-])CC1,8.14
O=[N+]([O-])c1ccc(S(=O)(=O)Oc2ccc(S(=O)(=O)c3c([N+](=O)[O-])cccc3[N+](=O)[O-])cc2)c([N+](=O)[O-])c1,7.98
O=[N+]([O-])c1cccc(S(=O)(=O)Oc2cc(C=Cc3ccc([N+](=O)[O-])cc3[N+](=O)[O-])ccc2[N+](=O)[O-])c1,7.39
CC1=C(C(=O)OCCO[N+](=O)[O-])C(c2ccccc2[N+](=O)[O-])C2=C(CCCC2=O)N1,6.22
Cc1cc(NC(SCC(=O)Nc2ccc([N+](=O)[O-])cc2[N+](=O)[O-])=C2C(=O)N(C)C(=O)N(C)C2=O)ccc1[N+](=O)[O-],7.9
O=[N+]([O-])c1ccc(Cc2ccc(S(=O)(=O)NO)c([N+](=O)[O-])c2)cc1,6.48
O=C1CC(C(=O)Nc2cccc(C=C[N+](=O)[O-])c2)C2=C(CC(c3ccccc3)CC2=O)N1,7.02
O=[N+]([O-])C=Cc1ccc(S(=O)(=O)c2ccc(C=C[N+](=O)[O-])cc2[N+](=O)[O-])c([N+](=O)[O-])c1,9.03
CSc1ccc(C(=O)N(C)Cc2ccc(N[N+](=O)[O-])cc2)c([N+](=O)[O-])c1,7.08
O=[N+]([O-])C=Cc1ccc(S(=O)(=O)c2ccc(-c3no[n+]([O-])c3[N+](=O)[O-])cc2)c([N+](=O)[O-])c1,9.79
O=[N+]([O-])C(=Cc1ccc(-c2c([N+](=O)[O-])no[n+]2[O-])cc1)C(=Cc1ccc(C2CCCCC2)cc1)[N+](=O)[O-],8.21
O=C(CS(=O)(=O)c1ccc(N[N+](=O)[O-])cc1)N1CC2(CC(OCc3cccc([N+](=O)[O-])n3)CCO2)C1,7.1
O=[N+]([O-])c1cccc(C2OCC3C(c4cc([N+](=O)[O-])cc([N+](=O)[O-])c4)OCC23)c1,8.01
O=C(c1cccc(C=C[N+](=O)[O-])c1)C1CCCN(C(=O)c2ccsc2)C1,6.82
Cn1c(=O)c2c(-c3ccc(-c4c([N+](=O)[O-])no[n+]4[O-])cc3)n(-c3ccc([N+](=O)[O-])c([N+](=O)[O-])c3)cc2n(C)c1=O,7.94
O=[N+]([O-])c1cccc(C=NOc2cc([N+](=O)[O-])cc([N+](=O)[O-])c2)c1,7.16
N#[N+][N-]C(c1ccc(-c2no[n+]([O-])c2[N+](=O)[O-])cc1)(c1ccc([N+](=O)[O-])cc1)c1ccc([N+](=O)[O-])cc1,8.16
O=[N+]([O-])CCc1ccc(S(=O)(=O)Nc2cc([N+](=O)[O-])c([N+](=O)[O-])cc2[N+](=O)[O-])c([N+](=O)[O-])c1,7.69
O=C(Nc1ccc([N+](=O)[O-])cc1)C1CCN(S(=O)(=O)c2ccc([N+](=O)[O-])cc2)CC1,7.51
O=C(c1ccc(Oc2ccccc2[N+](=O)[O-])cc1)c1cccc([N+](=O)[O-])c1,7.32
O=C1c2oc3ccccc3c(=O)c2C(c2cccc(CO[N+](=O)[O-])c2)N1CCS(=O)(=O)c1ccc([N+](=O)[O-])cc1,7.28
Cc1c(S(=O)(=O)c2ccc(S(=O)(=O)Oc3cc([N+](=O)[O-])c([N+](=O)[O-])cc3[N+](=O)[O-])cc2)no[n+]1[O-],7.75
O=[N+]([O-])c1cc(-c2ccc(S(=O)(=O)c3ccc([N+](=O)[O-])cc3[N+](=O)[O-])cc2)cc([N+](=O)[O-])c1,8.31
CC1(CC(=O)Nc2cc([N+](=O)[O-])cc([N+](=O)[O-])c2)C2CC3CC(C2)CC1C3,7.29
O=[N+]([O-])C=Cc1ccc(S(=O)(=O)c2ccc(CO[N+](=O)[O-])cc2[N+](=O)[O-])c([N+](=O)[O-])c1,8.7
Cc1cc2[nH]c(-c3cc([N+](=O)[O-])ccc3Cl)nc2cc1[N+](=O)[O-],7.49
Cc1c(-c2ccc(-c3no[n+]([O-])c3[N+](=O)[O-])cc2)no[n+]1[O-],7.42
O=[N+]([O-])c1ccc(S(=O)(=O)Nc2cc([N+](=O)[O-])c(NS(=O)(=O)c3ccc([N+](=O)[O-])cc3[N+](=O)[O-])cc2Br)c([N+](=O)[O-])c1,8.34
O=[N+]([O-])C=Cc1ccc(S(=O)(=O)c2ccc(CO[N+](=O)[O-])cc2[N+](=O)[O-])c([N+](=O)[O-])c1,8.8
O=C(NS(=O)(=O)c1cccc([N+](=O)[O-])c1)c1cc(-c2cccs2)nc2ccccc12,7.67
O=C(CSc1c(S(=O)(=O)c2ccc(N[N+](=O)[O-])cc2)no[n+]1[O-])Cn1cnc2ccccc2c1=O,7.69
Cc1oc(-c2ccc(-c3ccc(OS(=O)(=O)c4ccc(F)cc4)cc3)cc2)[n+]([O-])c1C,7.17
O=[N+]([O-])C=Cc1ccc(S(=O)(=O)c2ccc(CO[N+](=O)[O-])cc2[N+](=O)[O-])c([N+](=O)[O-])c1,8.77
O=[N+]([O-])c1cccc(OS(=O)(=O)CS(=O)(=O)Oc2ccc([N+](=O)[O-])cc2[N+](=O)[O-])c1,7.83
O=C(CN1C(=O)NC2(CCc3ccccc3C2)C1=O)Nc1cc([N+](=O)[O-])cc([N+](=O)[O-])c1,7.48
O=[N+]([O-])C=Cc1ccc(S(=O)(=O)c2ccc(CO[N+](=O)[O-])cc2[N+](=O)[O-])c([N+](=O)[O-])c1,8.77
O=[N+]([O-])C=Cc1ccc(S(=O)(=O)c2ccc(C=C[N+](=O)[O-])cc2[N+](=O)[O-])c([N+](=O)[O-])c1,8.62
O=C(Nc1ccccc1NS(=O)(=O)c1ccc([N+](=O)[O-])cc1[N+](=O)[O-])c1cccc(OS(=O)(=O)c2cc([N+](=O)[O-])cc([N+](=O)[O-])c2)c1[N+](=O)[O-],8.36
O=[N+]([O-])C(=Cc1ccccc1)C(=Cc1ccc(-c2c([N+](=O)[O-])no[n+]2[O-])cc1)[N+](=O)[O-],8.32
O=[N+]([O-])C=Cc1ccc(S(=O)(=O)c2ccc([N+](=O)[O-])cc2[N+](=O)[O-])c([N+](=O)[O-])c1,8.64
O=[N+]([O-])C=Cc1ccc(S(=O)(=O)Cc2ccc(S(=O)OC3c4ccccc4Oc4ccccc43)cc2)c([N+](=O)[O-])c1,7.51
O=C(Cn1c(SCCNS(=O)(=O)c2ccc([N+](=O)[O-])cc2[N+](=O)[O-])nc2ccccc21)c1ccc([N+](=O)[O-])cc1,6.36
O=[N+]([O-])OCc1ccc(S(=O)(=O)c2ccccc2[N+](=O)[O-])c([N+](=O)[O-])c1,7.7
Cc1c(S(=O)(=O)c2ccc(S(=O)(=O)N(C)NS(=O)(=O)c3ccccc3[N+](=O)[O-])cc2)no[n+]1[O-],7.36
Cc1noc2nc(C3CCN(S(=O)(=O)c4ccc([N+](=O)[O-])cc4[N+](=O)[O-])CC3)cc([N+](=O)[O-])c12,8.34
O=[N+]([O-])CCc1ccc(S(=O)(=O)c2ccc(CO[N+](=O)[O-])cc2[N+](=O)[O-])c([N+](=O)[O-])c1,8.3
O=[N+]([O-])c1cccc(S(=O)(=O)OCOS(=O)(=O)c2ccc(-c3no[n+]([O-])c3Br)cc2)c1,7.4
CS(=O)(=O)N(Cc1ccccc1)c1cc(C=C[N+](=O)[O-])ccc1C(=O)NCc1ccccc1[N+](=O)[O-],8.24
O=C1Nc2ccc(C=C[N+](=O)[O-])cc2C12CC(O)=Nc1c2cnn1-c1ccc(C=C([N+](=O)[O-])[N+](=O)[O-])cc1,8.39
O=[N+]([O-])C=Cc1ccc(S(=O)(=O)c2ccc(CO[N+](=O)[O-])cc2[N+](=O)[O-])c([N+](=O)[O-])c1,8.81
O=[N+]([O-])C=Cc1ccc(S(=O)(=O)c2ccc([N+](=O)[O-])cc2[N+](=O)[O-])c([N+](=O)[O-])c1,8.69
O=[N+]([O-])CCc1ccc(S(=O)(=O)c2ccc(CO[N+](=O)[O-])cc2[N+](=O)[O-])c([N+](=O)[O-])c1,8.35
CCC(=O)N1CCc2cc(C3OOC(c4ccc(-c5c([N+](=O)[O-])no[n+]5[O-])cc4)OO3)ccc21,8.86
O=C1c2ccccc2C(=O)N1OS(=O)(=O)c1ccc(-c2c([N+](=O)[O-])no[n+]2[O-])cc1,8.15
O=[N+]([O-])OCc1ccc(C(=C([N+](=O)[O-])[N+](=O)[O-])c2ccc([N+](=O)[O-])cc2)cc1,7.02
O=[N+]([O-])C=Cc1cc([N+](=O)[O-])cc(S(=O)(=O)c2ccc([N+](=O)[O-])cc2[N+](=O)[O-])c1,8.08
O=C(OCC(F)([N+](=O)[O-])[N+](=O)[O-])OCC(F)([N+](=O)[O-])[N+](=O)[O-],4.12
O=C(CN(c1cccc([N+](=O)[O-])c1)S(=O)(=O)c1ccccc1[N+](=O)[O-])Nc1ccc([N+](=O)[O-])cc1[N+](=O)[O-],8.37
O=C(CN1C(=O)C2CCCN2C(=O)c2ccccc21)c1ccc([N+](=O)[O-])cc1[N+](=O)[O-],6.82
O=[N+]([O-])CCc1ccc(S(=O)(=O)c2ccc([N+](=O)[O-])cc2[N+](=O)[O-])c([N+](=O)[O-])c1,8.66
O=C(c1cccnc1)N1CCc2[nH]c(-c3cccc([N+](=O)[O-])c3)nc2C1,6.6
CN(c1ccc2c(c1)OCC(C)(C)C(=O)N2)S(=O)(=O)c1ccc([N+](=O)[O-])cc1[N+](=O)[O-],7.37
O=[N+]([O-])c1ccc(C=Cc2ccc(Cl)c(S(=O)(=O)Nc3ccc([N+](=O)[O-])cc3[N+](=O)[O-])c2)c([N+](=O)[O-])c1,7.32
CN1CC2(CCN(S(=O)(=O)c3ccc(C=C[N+](=O)[O-])cc3[N+](=O)[O-])CC2)OC1=O,7.18
O=[N+]([O-])c1cccc(S(=O)(=O)OC2CSSCC2OS(=O)(=O)c2ccc([N+](=O)[O-])c([N+](=O)[O-])c2)c1,7.97
CC(=Cc1ccc(NC(=O)C(=Cc2ccc(N[N+](=O)[O-])cc2)NC(=O)Nc2ccc([N+](=O)[O-])cc2)c([N+](=O)[O-])c1)[N+](=O)[O-],8.05
Cc1ccccc1-n1c(SCC(=O)Nc2cc([N+](=O)[O-])ccc2Cl)nnc1-c1ccncc1,6.39
O=C(CC[N+](=O)[O-])N1CCCC2(CCC(=O)N(CCC(O)CO[N+](=O)[O-])C2)C1,6.15
O=[N+]([O-])c1ccc(Oc2ccccc2OC2=NS(=O)(=O)c3ccccc32)c([N+](=O)[O-])c1,8.88
CC(=O)N1CCc2c(sc(NC(=O)CCS(=O)(=O)c3ccc([N+](=O)[O-])cc3)c2C#N)C1,6.34
O=[N+]([O-])CCc1ccc(S(=O)(=O)c2ccc(CO[N+](=O)[O-])cc2[N+](=O)[O-])c([N+](=O)[O-])c1,8.35
O=[N+]([O-])C=Cc1ccc(S(=O)(=O)c2ccc(CO[N+](=O)[O-])cc2[N+](=O)[O-])c([N+](=O)[O-])c1,8.63
O=[N+]([O-])c1ccc(S(=O)(=O)c2cccc(C3OOC(c4ccccc4Br)OO3)c2)c([N+](=O)[O-])c1,7.97
CCc1nc(NNS(=O)(=O)c2ccc([N+](=O)[O-])cc2)c(C#N)c2c1COC(C)(C)C2,6.77
O=[N+]([O-])c1ccc(C2OCC3C(c4ccc5c(c4)OCO5)OCC23)cc1[N+](=O)[O-],7.41
O=[N+]([O-])c1ccc(S(=O)(=O)NCCSc2nnc(N3CCOCC3)n2-c2ccccc2[N+](=O)[O-])c([N+](=O)[O-])c1,7.86
O=C(CN(c1cccc([N+](=O)[O-])c1)S(=O)(=O)c1ccc([N+](=O)[O-])cc1[N+](=O)[O-])Nc1cc([N+](=O)[O-])cc([N+](=O)[O-])c1,8.56
O=C(Nc1cc([N+](=O)[O-])ccc1F)C1CCN(C2Oc3ccccc3C=C2[N+](=O)[O-])CC1,8.04
O=[N+]([O-])c1ccc(-c2cn(-c3ccc([N+](=O)[O-])cc3)nn2)cc1,6.73
O=[N+]([O-])c1cccc(NC(=NS(=O)(=O)c2ccc([N+](=O)[O-])cc2[N+](=O)[O-])c2ccccc2)c1,8.73
O=C(NS(=O)(=O)c1cc([N+](=O)[O-])ccc1[N+](=O)[O-])c1cc2ccccc2[nH]c1=O,7.37
O=[N+]([O-])c1ccc(S(=O)(=O)N2CCC(c3ccc4ccccc4n3)CC2)c([N+](=O)[O-])c1,8.41
CC(C)(C)c1ncc2c(n1)CN(c1cncc(C(=O)Oc3ccc([N+](=O)[O-])cc3[N+](=O)[O-])n1)C2,8.24
CC1=C(C=O)C(c2ccccc2)n2c(sc(=Cc3cccc(CC[N+](=O)[O-])c3)c2=O)=N1,8.5
O=[N+]([O-])c1ccc(Sc2ccc(NSc3ccc([N+](=O)[O-])cc3[N+](=O)[O-])cc2[N+](=O)[O-])cc1,7.84
O=[N+]([O-])c1ccc(C(c2ccccc2)S(=O)(=O)SCc2ccccc2)cc1,6.56
O=[N+]([O-])C=Cc1ccc(S(=O)(=O)NC(=NS(=O)(=O)c2ccccc2[N+](=O)[O-])c2ccccc2)c([N+](=O)[O-])c1,7.83
